t,f,ferr
10000.830555556087,0.9996943325714718,0.0005
10000.831944444977,1.0000346403106917,0.0005
10000.833333333867,1.0007849716079518,0.0005
10000.834722222757,0.9997131901390044,0.0005
10000.836111111646,1.0000977710292795,0.0005
10000.837500000536,0.9995337459020845,0.0005
10000.838888889426,0.999633826906029,0.0005
10000.840277778316,1.000621266045845,0.0005
10000.841666667206,1.0000281598471383,0.0005
10000.843055556095,0.9989941141213088,0.0005
10000.844444444985,0.9999298660320979,0.0005
10000.845833333875,0.9999839907138683,0.0005
10000.847222222765,1.0004624258603338,0.0005
10000.848611111654,1.0006750919517815,0.0005
10000.850000000544,1.0006821549316984,0.0005
10000.851388889434,1.0005534636503284,0.0005
10000.852777778324,0.9999338818737405,0.0005
10000.854166667214,1.0009825329822726,0.0005
10000.855555556103,0.999678061027136,0.0005
10000.856944444993,1.000421082712613,0.0005
10000.858333333883,1.0007487679157394,0.0005
10000.859722222773,0.9990939823070648,0.0005
10000.861111111662,0.9995732778850197,0.0005
10000.862500000552,1.0009289899497649,0.0005
10000.863888889442,0.9997682182966676,0.0005
10000.865277778332,0.999506063864472,0.0005
10000.866666667222,1.0001059518312672,0.0005
10000.868055556111,1.0003207559566227,0.0005
10000.869444445001,1.0002387393223942,0.0005
10000.870833333891,0.9996539051805843,0.0005
10000.87222222278,1.0006239683378022,0.0005
10000.87361111167,1.0011331863482384,0.0005
10000.87500000056,0.9997593953551895,0.0005
10000.87638888945,1.0003903398148772,0.0005
10000.87777777834,1.0003034619369435,0.0005
10000.87916666723,1.0001569854824888,0.0005
10000.88055555612,0.9992837193419208,0.0005
10000.88194444501,0.9998023459597691,0.0005
10000.883333333899,0.9994453801631678,0.0005
10000.884722222789,0.9994102227771213,0.0005
10000.886111111678,0.9989921548821715,0.0005
10000.887500000568,0.9999622268477422,0.0005
10000.888888889458,0.9996567704414625,0.0005
10000.890277778348,0.9993704918525614,0.0005
10000.891666667238,1.0003089547081523,0.0005
10000.893055556127,0.9997316323130023,0.0005
10000.894444445017,1.0000776694744553,0.0005
10000.895833333907,1.0004639333022098,0.0005
10000.897222222797,1.0002607899651759,0.0005
10000.898611111686,0.9999799174686534,0.0005
10000.900000000576,0.9997930319595201,0.0005
10000.901388889466,0.9999756678566657,0.0005
10000.902777778356,0.9997788056985477,0.0005
10000.904166667246,0.9995613651330572,0.0005
10000.905555556135,1.0002558747515822,0.0005
10000.906944445025,0.9998545694596815,0.0005
10000.908333333915,1.0008064206498293,0.0005
10000.909722222805,0.9999799539223789,0.0005
10000.911111111694,0.9999367163673648,0.0005
10000.912500000584,1.000699098907466,0.0005
10000.913888889474,0.9992510725782391,0.0005
10000.915277778364,0.9999281103480759,0.0005
10000.916666667254,0.9996536684522364,0.0005
10000.918055556143,0.9997582640105017,0.0005
10000.919444445033,0.998829524607091,0.0005
10000.920833333923,1.0006092464378393,0.0005
10000.922222222813,0.9997284584853294,0.0005
10000.923611111702,0.9994294920107474,0.0005
10000.925000000592,0.9999960579201875,0.0005
10000.926388889482,1.0001755019192762,0.0005
10000.927777778372,0.9996364680757128,0.0005
10000.929166667262,1.0005178602972449,0.0005
10000.930555556151,0.9997747683603152,0.0005
10000.931944445041,1.0005236270235875,0.0005
10000.933333333931,1.000626241971471,0.0005
10000.93472222282,0.9995731030655018,0.0005
10000.93611111171,0.9998719751908592,0.0005
10000.9375000006,0.999595992351861,0.0005
10000.93888888949,1.000274609600764,0.0005
10000.94027777838,0.9995647236823961,0.0005
10000.94166666727,1.0004619794651892,0.0005
10000.94305555616,0.9999895373381237,0.0005
10000.94444444505,0.9994688804104676,0.0005
10000.945833333939,1.0002336033549948,0.0005
10000.947222222829,0.9998123892557305,0.0005
10000.948611111718,0.9999271680617221,0.0005
10000.950000000608,0.9999447476392667,0.0005
10000.951388889498,1.000281983585369,0.0005
10000.952777778388,1.0001236327132268,0.0005
10000.954166667278,0.999777592107784,0.0005
10000.955555556167,1.000212284547956,0.0005
10000.956944445057,0.9993973427431663,0.0005
10000.958333333947,0.9989586003105981,0.0005
10000.959722222837,0.9979463338653933,0.0005
10000.961111111726,0.9963763352868161,0.0005
10000.962500000616,0.9941379198655464,0.0005
10000.963888889506,0.9932380643275887,0.0005
10000.965277778396,0.9914454716761366,0.0005
10000.966666667286,0.9897280368884096,0.0005
10000.968055556175,0.9896893020261747,0.0005
10000.969444445065,0.9890648815974764,0.0005
10000.970833333955,0.9888010969491027,0.0005
10000.972222222845,0.9880562248245996,0.0005
10000.973611111734,0.9890351106615888,0.0005
10000.975000000624,0.988154437762475,0.0005
10000.976388889514,0.9884219332428583,0.0005
10000.977777778404,0.9882665762353198,0.0005
10000.979166667294,0.9878563672000565,0.0005
10000.980555556183,0.9872400045253107,0.0005
10000.981944445073,0.9878335669667506,0.0005
10000.983333333963,0.9865774342407853,0.0005
10000.984722222853,0.9873074688216924,0.0005
10000.986111111743,0.9864550679559388,0.0005
10000.987500000632,0.9880070384310862,0.0005
10000.988888889522,0.9866900527664046,0.0005
10000.990277778412,0.9871675596710902,0.0005
10000.991666667302,0.9863716083476497,0.0005
10000.993055556191,0.9860473125184509,0.0005
10000.994444445081,0.9868801493222741,0.0005
10000.995833333971,0.9875680404564602,0.0005
10000.99722222286,0.9873326560471718,0.0005
10000.99861111175,0.9877386888578422,0.0005
10001.00000000064,0.9865050348915722,0.0005
10001.00138888953,0.9866674215533221,0.0005
10001.00277777842,0.9868674908571825,0.0005
10001.00416666731,0.9855347246009762,0.0005
10001.0055555562,0.985651259284857,0.0005
10001.00694444509,0.9864815260401909,0.0005
10001.008333333979,0.987338074850994,0.0005
10001.009722222869,0.9870161787035286,0.0005
10001.011111111759,0.9866055636505814,0.0005
10001.012500000648,0.9866796137714761,0.0005
10001.013888889538,0.9875682173786555,0.0005
10001.015277778428,0.9870413310317989,0.0005
10001.016666667318,0.987304986454745,0.0005
10001.018055556207,0.9868809050061038,0.0005
10001.019444445097,0.9884630691441216,0.0005
10001.020833333987,0.9879029413359749,0.0005
10001.022222222877,0.9877307060078687,0.0005
10001.023611111767,0.9882259833354091,0.0005
10001.025000000656,0.987527978944053,0.0005
10001.026388889546,0.9887515115218751,0.0005
10001.027777778436,0.9890995744991412,0.0005
10001.029166667326,0.9886644445794606,0.0005
10001.030555556215,0.9894660744928854,0.0005
10001.031944445105,0.9889759544425306,0.0005
10001.033333333995,0.9898392969971435,0.0005
10001.034722222885,0.9908939851389289,0.0005
10001.036111111775,0.9924892067387444,0.0005
10001.037500000664,0.9949800387868665,0.0005
10001.038888889554,0.9964004517667807,0.0005
10001.040277778444,0.9993018711386575,0.0005
10001.041666667334,0.9998497897273133,0.0005
10001.043055556223,0.9995838651887639,0.0005
10001.044444445113,1.0003750561827172,0.0005
10001.045833334003,0.9994672335282135,0.0005
10001.047222222893,1.000103633710584,0.0005
10001.048611111783,0.9998501144271984,0.0005
10001.050000000672,0.999924324290863,0.0005
10001.051388889562,1.0006338612643442,0.0005
10001.052777778452,0.9995988866398617,0.0005
10001.054166667342,0.9997708918845903,0.0005
10001.055555556231,0.9993815304761519,0.0005
10001.056944445121,1.0002748221519304,0.0005
10001.058333334011,1.0005168174423535,0.0005
10001.0597222229,0.9999289921988607,0.0005
10001.06111111179,0.9996240095854101,0.0005
10001.06250000068,1.0004175981734733,0.0005
10001.06388888957,0.9993832484753807,0.0005
10001.06527777846,1.000350748961026,0.0005
10001.06666666735,1.00039088635093,0.0005
10001.06805555624,0.999893465206845,0.0005
10001.06944444513,1.00001563337931,0.0005
10001.070833334019,1.0004569478847738,0.0005
10001.072222222909,0.9991475458122383,0.0005
10001.073611111799,0.9996460602217482,0.0005
10001.075000000688,1.0010031604167686,0.0005
10001.076388889578,0.9995502685726502,0.0005
10001.077777778468,1.000715275341231,0.0005
10001.079166667358,1.0002580831943284,0.0005
10001.080555556247,0.9998513527569958,0.0005
10001.081944445137,0.9992097806161097,0.0005
10001.083333334027,1.0000834517218944,0.0005
10001.084722222917,0.9999524238939731,0.0005
10001.086111111807,1.0006595998730667,0.0005
10001.087500000696,1.0005356152192555,0.0005
10001.088888889586,0.9995560701437125,0.0005
10001.090277778476,0.9994175071064442,0.0005
10001.091666667366,1.000613893025056,0.0005
10001.093055556255,0.9996484427578989,0.0005
10001.094444445145,1.0006666014655108,0.0005
10001.095833334035,0.9995590924476582,0.0005
10001.097222222925,1.000542932039415,0.0005
10001.098611111815,1.0000868166807535,0.0005
10001.100000000704,1.0002373753619236,0.0005
10001.101388889594,0.999051983069445,0.0005
10001.102777778484,0.9993875377442489,0.0005
10001.104166667374,1.0000121009628455,0.0005
10001.105555556263,1.000455346449327,0.0005
10001.106944445153,1.0004441888477136,0.0005
10001.108333334043,1.0001732182718277,0.0005
10001.109722222933,0.9994432582544013,0.0005
10001.111111111823,1.0003848973689322,0.0005
10001.112500000712,1.0004714987487127,0.0005
10001.113888889602,1.0008045322797094,0.0005
10001.115277778492,0.9989745195237979,0.0005
10001.116666667382,1.0005946031080337,0.0005
10001.118055556271,0.9998033756294927,0.0005
10001.119444445161,1.0000050678683445,0.0005
10001.120833334051,1.0013966717077707,0.0005
10001.12222222294,1.0004358865259415,0.0005
10001.12361111183,0.999164588673683,0.0005
10001.12500000072,0.9995449168542081,0.0005
10001.12638888961,1.0006296143818645,0.0005
10001.1277777785,0.9995089500872104,0.0005
10001.12916666739,0.99932252928997,0.0005
10001.13055555628,1.0001908486273088,0.0005
10001.13194444517,0.9997619422770971,0.0005
10001.133333334059,0.9998508835973021,0.0005
10001.134722222949,1.000507650144524,0.0005
10001.136111111839,1.0008388086203488,0.0005
10001.137500000728,1.000642146452957,0.0005
10001.138888889618,1.000016385858987,0.0005
10001.140277778508,1.0000421530254056,0.0005
10001.141666667398,1.0000627538358626,0.0005
10001.143055556287,0.9995997647162674,0.0005
10001.144444445177,0.9999072205721322,0.0005
10001.145833334067,0.9997450470174367,0.0005
10001.147222222957,0.9995675887916389,0.0005
10001.148611111847,1.0003967497332873,0.0005
10001.150000000736,1.0004136277012965,0.0005
10001.151388889626,1.0003169686459108,0.0005
10001.152777778516,0.9999236104679233,0.0005
10001.154166667406,0.9994790548276142,0.0005
10001.155555556295,0.9999900409347924,0.0005
10001.156944445185,0.9990324258687655,0.0005
10001.158333334075,0.9998403089268997,0.0005
10001.159722222965,0.9990412581621178,0.0005
10001.161111111855,0.9990313920824624,0.0005
10001.162500000744,1.0008953347807998,0.0005
10001.163888889634,0.99946581902546,0.0005
10001.165277778524,1.000420385205309,0.0005
10001.166666667414,1.0004677799809947,0.0005
10001.168055556303,1.0006749306579312,0.0005
10001.169444445193,1.0001799421969222,0.0005
10003.930555558072,0.999726299131942,0.0005
10003.931944446962,0.9999132678836652,0.0005
10003.933333335852,0.9992106985766612,0.0005
10003.934722224742,0.9997597557984877,0.0005
10003.936111113631,0.9995626209826932,0.0005
10003.937500002521,1.0006504165091754,0.0005
10003.93888889141,1.0008941224343122,0.0005
10003.9402777803,0.9996604913141779,0.0005
10003.94166666919,0.9997018236998672,0.0005
10003.94305555808,1.0000673457723352,0.0005
10003.94444444697,1.0006083000253265,0.0005
10003.94583333586,0.9999338231088281,0.0005
10003.94722222475,0.9996371320593126,0.0005
10003.94861111364,1.0000578579705997,0.0005
10003.95000000253,0.999425981874636,0.0005
10003.951388891419,1.0000379784410491,0.0005
10003.952777780309,1.0006666167959848,0.0005
10003.954166669198,0.999790402683785,0.0005
10003.955555558088,0.9995964298404696,0.0005
10003.956944446978,0.9998790429914749,0.0005
10003.958333335868,0.9999786712285903,0.0005
10003.959722224758,1.000392204967238,0.0005
10003.961111113647,1.0000427111415036,0.0005
10003.962500002537,1.00143616710715,0.0005
10003.963888891427,1.0009919821023125,0.0005
10003.965277780317,0.9995945411201634,0.0005
10003.966666669206,1.0002168559248592,0.0005
10003.968055558096,0.999983989274923,0.0005
10003.969444446986,0.9997926322703349,0.0005
10003.970833335876,1.0000922553837281,0.0005
10003.972222224766,0.9997807336143126,0.0005
10003.973611113655,1.0002516013774292,0.0005
10003.975000002545,0.9993459328951324,0.0005
10003.976388891435,1.0015817823098987,0.0005
10003.977777780325,1.0003550554670628,0.0005
10003.979166669214,0.999962400753644,0.0005
10003.980555558104,1.000094573675429,0.0005
10003.981944446994,0.9994862666913983,0.0005
10003.983333335884,0.999564220743688,0.0005
10003.984722224774,1.000662594843165,0.0005
10003.986111113663,0.9994215564199643,0.0005
10003.987500002553,0.9999342420435482,0.0005
10003.988888891443,0.9994752547950938,0.0005
10003.990277780333,1.0001198949035905,0.0005
10003.991666669222,0.9994644828729408,0.0005
10003.993055558112,0.9994304822610126,0.0005
10003.994444447002,0.9998691690739162,0.0005
10003.995833335892,1.0013541441872682,0.0005
10003.997222224782,0.9996017920840135,0.0005
10003.998611113671,0.9994077292428933,0.0005
10004.000000002561,1.0004096915560061,0.0005
10004.001388891451,0.9997470809467593,0.0005
10004.00277778034,0.9999223320077725,0.0005
10004.00416666923,1.0000471452373687,0.0005
10004.00555555812,1.0004432297084513,0.0005
10004.00694444701,1.0005804847353836,0.0005
10004.0083333359,0.9997525810489735,0.0005
10004.00972222479,0.9994698313115294,0.0005
10004.01111111368,0.9997691690508828,0.0005
10004.01250000257,1.0000480906757319,0.0005
10004.013888891459,0.9992892178919648,0.0005
10004.015277780349,0.9995960726030046,0.0005
10004.016666669238,0.9998731245583155,0.0005
10004.018055558128,0.9998844392846599,0.0005
10004.019444447018,0.9994262303672463,0.0005
10004.020833335908,1.0006880117363492,0.0005
10004.022222224798,1.0012443787842316,0.0005
10004.023611113687,1.0002865936395535,0.0005
10004.025000002577,0.9995125494085593,0.0005
10004.026388891467,0.9996773260945631,0.0005
10004.027777780357,1.0006367807428511,0.0005
10004.029166669246,1.0000659523387472,0.0005
10004.030555558136,0.999122910096766,0.0005
10004.031944447026,1.000186683226064,0.0005
10004.033333335916,0.9999403907314047,0.0005
10004.034722224806,1.0000839274704387,0.0005
10004.036111113695,1.0003156921907215,0.0005
10004.037500002585,0.9995433722164845,0.0005
10004.038888891475,0.999898731893248,0.0005
10004.040277780365,0.9996769798311244,0.0005
10004.041666669254,0.9996595861159544,0.0005
10004.043055558144,1.0004211189623735,0.0005
10004.044444447034,1.0004254941177886,0.0005
10004.045833335924,0.9994042412925422,0.0005
10004.047222224814,0.9998959749917948,0.0005
10004.048611113703,1.0000765630625328,0.0005
10004.050000002593,0.9999603222834949,0.0005
10004.051388891483,1.0001078291714725,0.0005
10004.052777780373,1.0001613017565059,0.0005
10004.054166669262,0.999172849884724,0.0005
10004.055555558152,1.0001303672886228,0.0005
10004.056944447042,0.9996029937281975,0.0005
10004.058333335932,0.9998970225163297,0.0005
10004.059722224822,0.9986901063984213,0.0005
10004.061111113711,0.9960578377704113,0.0005
10004.062500002601,0.9948110630400111,0.0005
10004.063888891491,0.992413900087721,0.0005
10004.06527778038,0.991111729383806,0.0005
10004.06666666927,0.9900999211466602,0.0005
10004.06805555816,0.9900104334814568,0.0005
10004.06944444705,0.9888679917696825,0.0005
10004.07083333594,0.9883625932795582,0.0005
10004.07222222483,0.98902888164901,0.0005
10004.07361111372,0.9878845752376757,0.0005
10004.07500000261,0.988164215375105,0.0005
10004.076388891499,0.9882420720812681,0.0005
10004.077777780389,0.9879421771687426,0.0005
10004.079166669278,0.9876758532924468,0.0005
10004.080555558168,0.9869259801333673,0.0005
10004.081944447058,0.9873699247456051,0.0005
10004.083333335948,0.9871340610087295,0.0005
10004.084722224838,0.9877811344297307,0.0005
10004.086111113727,0.9867946747618142,0.0005
10004.087500002617,0.986785376485927,0.0005
10004.088888891507,0.9870605818683861,0.0005
10004.090277780397,0.9875342453868451,0.0005
10004.091666669286,0.9879046504980324,0.0005
10004.093055558176,0.986338968070614,0.0005
10004.094444447066,0.9876256074616655,0.0005
10004.095833335956,0.9869769264389915,0.0005
10004.097222224846,0.9868401396650467,0.0005
10004.098611113735,0.986956057518989,0.0005
10004.100000002625,0.9869633020591033,0.0005
10004.101388891515,0.9860285231540735,0.0005
10004.102777780405,0.9869079052929899,0.0005
10004.104166669295,0.986583686358123,0.0005
10004.105555558184,0.9872039809643149,0.0005
10004.106944447074,0.9868004013190917,0.0005
10004.108333335964,0.9870568021622378,0.0005
10004.109722224854,0.9866248024727854,0.0005
10004.111111113743,0.9873524660804023,0.0005
10004.112500002633,0.9872925346483129,0.0005
10004.113888891523,0.986930997037747,0.0005
10004.115277780413,0.9865622662547862,0.0005
10004.116666669303,0.9871778601361438,0.0005
10004.118055558192,0.9866530413373442,0.0005
10004.119444447082,0.9883992581153707,0.0005
10004.120833335972,0.987033000773411,0.0005
10004.122222224862,0.9875561615013648,0.0005
10004.123611113751,0.9877976880069094,0.0005
10004.125000002641,0.9890061917801934,0.0005
10004.126388891531,0.9890712476296459,0.0005
10004.12777778042,0.9887782810477039,0.0005
10004.12916666931,0.9895892875744329,0.0005
10004.1305555582,0.9895097155134507,0.0005
10004.13194444709,0.9900664675922443,0.0005
10004.13333333598,0.9913196775098246,0.0005
10004.13472222487,0.9918778650941532,0.0005
10004.13611111376,0.9925150117394335,0.0005
10004.13750000265,0.9946729732603988,0.0005
10004.138888891539,0.996792320428684,0.0005
10004.140277780429,0.9976934505167412,0.0005
10004.141666669319,0.9989402044317284,0.0005
10004.143055558208,0.9994243017509257,0.0005
10004.144444447098,0.9988850768255927,0.0005
10004.145833335988,0.9996422833187266,0.0005
10004.147222224878,1.0002623981411345,0.0005
10004.148611113767,1.0004065030203022,0.0005
10004.150000002657,1.000453249250974,0.0005
10004.151388891547,1.0007761192960591,0.0005
10004.152777780437,1.0000144238522373,0.0005
10004.154166669327,0.9995975441919439,0.0005
10004.155555558216,1.000077160944358,0.0005
10004.156944447106,0.9998971525750597,0.0005
10004.158333335996,1.0003458157423943,0.0005
10004.159722224886,1.0003825574316685,0.0005
10004.161111113775,1.0001295588435777,0.0005
10004.162500002665,1.0006364778884125,0.0005
10004.163888891555,0.9998721644865703,0.0005
10004.165277780445,1.000099836038884,0.0005
10004.166666669335,1.0002111529169533,0.0005
10004.168055558224,1.000452537147744,0.0005
10004.169444447114,1.0008157927286818,0.0005
10004.170833336004,0.9998292925594322,0.0005
10004.172222224894,1.0000763317721724,0.0005
10004.173611113783,0.9993717027529746,0.0005
10004.175000002673,1.0008364476610663,0.0005
10004.176388891563,0.9996069435951958,0.0005
10004.177777780453,1.0005724094289472,0.0005
10004.179166669343,1.00006181589173,0.0005
10004.180555558232,1.0006048296761771,0.0005
10004.181944447122,1.0007987485064294,0.0005
10004.183333336012,1.0000710139925184,0.0005
10004.184722224902,0.9999652091546201,0.0005
10004.186111113791,1.0000327623916254,0.0005
10004.187500002681,1.0002654006538614,0.0005
10004.188888891571,0.9994686983567069,0.0005
10004.19027778046,0.9999963009369731,0.0005
10004.19166666935,1.0007988891376918,0.0005
10004.19305555824,0.999454133917529,0.0005
10004.19444444713,1.0001653995477002,0.0005
10004.19583333602,0.9985514085513945,0.0005
10004.19722222491,1.0001121706744363,0.0005
10004.1986111138,1.0003431205272495,0.0005
10004.20000000269,1.0001747912629038,0.0005
10004.201388891579,0.999029712925496,0.0005
10004.202777780469,0.9995118543690266,0.0005
10004.204166669359,1.0000370771283635,0.0005
10004.205555558248,1.0003325659279554,0.0005
10004.206944447138,1.0009382918582426,0.0005
10004.208333336028,1.0005431347599874,0.0005
10004.209722224918,0.9993676522503857,0.0005
10004.211111113807,0.9999981158022206,0.0005
10004.212500002697,1.0003799125267845,0.0005
10004.213888891587,1.000083191154748,0.0005
10004.215277780477,0.9992586529731992,0.0005
10004.216666669367,1.0006430992858013,0.0005
10004.218055558256,0.9998048589423112,0.0005
10004.219444447146,0.9995982860077668,0.0005
10004.220833336036,1.0008743469267927,0.0005
10004.222222224926,0.9994717282459985,0.0005
10004.223611113815,1.0006685864857496,0.0005
10004.225000002705,0.9999446436481705,0.0005
10004.226388891595,0.9997172586530315,0.0005
10004.227777780485,0.9987988754450176,0.0005
10004.229166669375,0.9998234556617114,0.0005
10004.230555558264,1.0004787780370548,0.0005
10004.231944447154,1.0003738724722078,0.0005
10004.233333336044,1.0006047831818359,0.0005
10004.234722224934,0.9998455556492565,0.0005
10004.236111113823,0.999067530312295,0.0005
10004.237500002713,1.0001385768583444,0.0005
10004.238888891603,1.0003506598451686,0.0005
10004.240277780493,0.9997845760976047,0.0005
10004.241666669383,0.9993234685681202,0.0005
10004.243055558272,1.0006357170452398,0.0005
10004.244444447162,1.0003198452928999,0.0005
10004.245833336052,0.999582067206766,0.0005
10004.247222224942,1.0000747293232553,0.0005
10004.248611113831,0.9995209731717335,0.0005
10004.250000002721,1.0009964416599149,0.0005
10004.251388891611,1.000625189371269,0.0005
10004.2527777805,0.9994375961346874,0.0005
10004.25416666939,1.0000596217428148,0.0005
10004.25555555828,0.9994707253902401,0.0005
10004.25694444717,0.9995795759080928,0.0005
10004.25833333606,1.0012718966416805,0.0005
10004.25972222495,1.0000834495468192,0.0005
10004.26111111384,0.9997434923507217,0.0005
10004.26250000273,0.9998136160642418,0.0005
10004.263888891619,1.0000991915541733,0.0005
10004.265277780509,0.9992268548202131,0.0005
10004.266666669399,0.9998074583165659,0.0005
10004.268055558288,0.9995256487053864,0.0005
10004.269444447178,1.0004041784825422,0.0005
10007.030555560057,0.9986506071062985,0.0005
10007.031944448947,1.0004649911134,0.0005
10007.033333337837,1.0004426273343385,0.0005
10007.034722226726,1.0004887747725713,0.0005
10007.036111115616,1.0013849995423956,0.0005
10007.037500004506,1.0001283872130475,0.0005
10007.038888893396,1.0005326570302244,0.0005
10007.040277782286,1.0000012491308305,0.0005
10007.041666671175,1.0004182821771253,0.0005
10007.043055560065,0.99991185012175,0.0005
10007.044444448955,0.9993176993203576,0.0005
10007.045833337845,0.9994733704342376,0.0005
10007.047222226734,1.0006131115190156,0.0005
10007.048611115624,1.0006257075699725,0.0005
10007.050000004514,1.0008722402508905,0.0005
10007.051388893404,1.0003565011751132,0.0005
10007.052777782294,1.0003552890519694,0.0005
10007.054166671183,1.0005484602133348,0.0005
10007.055555560073,1.0002810689729007,0.0005
10007.056944448963,1.0002739010357156,0.0005
10007.058333337853,0.9995275464799284,0.0005
10007.059722226742,0.9997915428508385,0.0005
10007.061111115632,0.9997818687293677,0.0005
10007.062500004522,1.0000335949455246,0.0005
10007.063888893412,1.0001774637252683,0.0005
10007.065277782302,0.9999587040574526,0.0005
10007.066666671191,0.9997570515535297,0.0005
10007.068055560081,1.0002215988245775,0.0005
10007.06944444897,0.9998808653382097,0.0005
10007.07083333786,0.999750859256695,0.0005
10007.07222222675,1.00059683935966,0.0005
10007.07361111564,1.0007607701798955,0.0005
10007.07500000453,0.9990514276052908,0.0005
10007.07638889342,0.9997371438556751,0.0005
10007.07777778231,0.9997141352580052,0.0005
10007.0791666712,1.0000467683164682,0.0005
10007.08055556009,0.9997379563487301,0.0005
10007.081944448979,0.9994449536871783,0.0005
10007.083333337869,1.0003745204871526,0.0005
10007.084722226758,0.9997456671243722,0.0005
10007.086111115648,0.999788915926299,0.0005
10007.087500004538,0.9999860583581203,0.0005
10007.088888893428,1.0008671812774383,0.0005
10007.090277782318,1.0000191962998228,0.0005
10007.091666671207,1.000142863668786,0.0005
10007.093055560097,1.0001992725980877,0.0005
10007.094444448987,1.0003612066413583,0.0005
10007.095833337877,1.0000858305448495,0.0005
10007.097222226766,0.9992296160092524,0.0005
10007.098611115656,0.9991947869281523,0.0005
10007.100000004546,0.9996860360591836,0.0005
10007.101388893436,0.9999898215505442,0.0005
10007.102777782326,0.9995617093973257,0.0005
10007.104166671215,1.0000724893484552,0.0005
10007.105555560105,0.9999026376703889,0.0005
10007.106944448995,1.0000477542941042,0.0005
10007.108333337885,1.000942362864814,0.0005
10007.109722226774,0.9997138555613564,0.0005
10007.111111115664,1.0005820759544495,0.0005
10007.112500004554,1.0008756796250053,0.0005
10007.113888893444,0.9998906850018017,0.0005
10007.115277782334,1.000528706636689,0.0005
10007.116666671223,1.0005501744171221,0.0005
10007.118055560113,0.9996315263772219,0.0005
10007.119444449003,1.000016600318123,0.0005
10007.120833337893,0.9995046642923988,0.0005
10007.122222226782,0.9997686708206992,0.0005
10007.123611115672,1.000231640682995,0.0005
10007.125000004562,0.99924338631217,0.0005
10007.126388893452,0.999238585174012,0.0005
10007.127777782342,0.9999212973973292,0.0005
10007.129166671231,0.9998223599304342,0.0005
10007.130555560121,1.0003447886062509,0.0005
10007.131944449011,0.9990085252548871,0.0005
10007.1333333379,1.0000977045996957,0.0005
10007.13472222679,1.0000964565599533,0.0005
10007.13611111568,0.9995140920270685,0.0005
10007.13750000457,1.0000290758349581,0.0005
10007.13888889346,0.999596250443604,0.0005
10007.14027778235,1.0000220170692586,0.0005
10007.14166667124,0.9990818904514259,0.0005
10007.14305556013,0.9995792441009681,0.0005
10007.144444449019,1.0006047179755246,0.0005
10007.145833337909,1.0003688121734031,0.0005
10007.147222226798,0.9995068412299193,0.0005
10007.148611115688,1.0005621290762587,0.0005
10007.150000004578,0.9994966445236106,0.0005
10007.151388893468,0.9995416086310577,0.0005
10007.152777782358,0.9996299964252088,0.0005
10007.154166671247,0.9997141698700868,0.0005
10007.155555560137,1.0001548719015596,0.0005
10007.156944449027,1.000147002822823,0.0005
10007.158333337917,0.9992549825257017,0.0005
10007.159722226806,0.998649507278156,0.0005
10007.161111115696,0.997509918269701,0.0005
10007.162500004586,0.994818045350586,0.0005
10007.163888893476,0.9925941966414542,0.0005
10007.165277782366,0.9904904618158424,0.0005
10007.166666671255,0.9902444536256275,0.0005
10007.168055560145,0.9896729487074977,0.0005
10007.169444449035,0.9901465246215078,0.0005
10007.170833337925,0.9887670640665416,0.0005
10007.172222226814,0.9884554713699905,0.0005
10007.173611115704,0.9888198621043042,0.0005
10007.175000004594,0.9881216109399049,0.0005
10007.176388893484,0.9881394257671134,0.0005
10007.177777782374,0.988405421810379,0.0005
10007.179166671263,0.9877647181991034,0.0005
10007.180555560153,0.9872652295852807,0.0005
10007.181944449043,0.9880057642138447,0.0005
10007.183333337933,0.9870112341008886,0.0005
10007.184722226822,0.9878670114881472,0.0005
10007.186111115712,0.9870247626989029,0.0005
10007.187500004602,0.9871351319228487,0.0005
10007.188888893492,0.9874415522462154,0.0005
10007.190277782382,0.9868020444564656,0.0005
10007.191666671271,0.9870254873074936,0.0005
10007.193055560161,0.9857198157732323,0.0005
10007.194444449051,0.9870123113504382,0.0005
10007.19583333794,0.9881896056792431,0.0005
10007.19722222683,0.9861686926576319,0.0005
10007.19861111572,0.9868069648204478,0.0005
10007.20000000461,0.9878811232766481,0.0005
10007.2013888935,0.9865107674001131,0.0005
10007.20277778239,0.9858289055519754,0.0005
10007.20416667128,0.9867998617202935,0.0005
10007.20555556017,0.987100201789273,0.0005
10007.206944449059,0.9876574310849794,0.0005
10007.208333337949,0.9864245129178819,0.0005
10007.209722226838,0.9866278758644753,0.0005
10007.211111115728,0.98713042451891,0.0005
10007.212500004618,0.986322541291274,0.0005
10007.213888893508,0.9870616404223557,0.0005
10007.215277782398,0.9873365569042801,0.0005
10007.216666671287,0.9874876074162066,0.0005
10007.218055560177,0.9887081463764199,0.0005
10007.219444449067,0.9870577248098705,0.0005
10007.220833337957,0.9866506542568795,0.0005
10007.222222226846,0.9884905576749018,0.0005
10007.223611115736,0.9875459406842149,0.0005
10007.225000004626,0.9885179818978523,0.0005
10007.226388893516,0.9891701761026687,0.0005
10007.227777782406,0.989080095970911,0.0005
10007.229166671295,0.9894325518904464,0.0005
10007.230555560185,0.989086981850764,0.0005
10007.231944449075,0.9892040598282692,0.0005
10007.233333337965,0.9903426602433917,0.0005
10007.234722226855,0.9912908519154147,0.0005
10007.236111115744,0.9926743139599424,0.0005
10007.237500004634,0.9950244518635146,0.0005
10007.238888893524,0.9962181478097476,0.0005
10007.240277782414,0.998505225280584,0.0005
10007.241666671303,0.9997157789250546,0.0005
10007.243055560193,0.999706640402022,0.0005
10007.244444449083,0.9998834279401675,0.0005
10007.245833337973,0.9992688358926567,0.0005
10007.247222226863,0.9999681140850931,0.0005
10007.248611115752,0.9991056200131238,0.0005
10007.250000004642,1.0009550003665266,0.0005
10007.251388893532,1.000042586194425,0.0005
10007.252777782422,1.0008100251496295,0.0005
10007.254166671311,0.99985545910903,0.0005
10007.255555560201,1.0003414735731735,0.0005
10007.256944449091,0.999332806835277,0.0005
10007.25833333798,1.000970401381663,0.0005
10007.25972222687,1.0005590672983442,0.0005
10007.26111111576,0.9988529379216633,0.0005
10007.26250000465,1.0000217475328848,0.0005
10007.26388889354,1.0002416978034683,0.0005
10007.26527778243,1.0002960902703033,0.0005
10007.26666667132,1.0003345503581036,0.0005
10007.26805556021,1.0000869737919726,0.0005
10007.269444449099,0.9996775410687302,0.0005
10007.270833337989,0.9998569919245555,0.0005
10007.272222226879,0.9992622927109744,0.0005
10007.273611115768,1.0000917891299044,0.0005
10007.275000004658,0.9999463670707782,0.0005
10007.276388893548,0.9994955266079663,0.0005
10007.277777782438,0.9997699792787145,0.0005
10007.279166671327,1.0000177896732163,0.0005
10007.280555560217,0.9995904632805758,0.0005
10007.281944449107,1.000038189726686,0.0005
10007.283333337997,0.9997676121654888,0.0005
10007.284722226887,0.9998613836978703,0.0005
10007.286111115776,1.0001459028231123,0.0005
10007.287500004666,1.0004084789963255,0.0005
10007.288888893556,1.0000372000183706,0.0005
10007.290277782446,1.0004811895870995,0.0005
10007.291666671335,1.0001973724747575,0.0005
10007.293055560225,0.9986229707409026,0.0005
10007.294444449115,0.9994875514284319,0.0005
10007.295833338005,0.9996393786069718,0.0005
10007.297222226895,1.000005796327464,0.0005
10007.298611115784,1.000472593816878,0.0005
10007.300000004674,1.0004948819763935,0.0005
10007.301388893564,0.9997316637260308,0.0005
10007.302777782454,0.9999926068498366,0.0005
10007.304166671343,0.9995849624268367,0.0005
10007.305555560233,1.000650214303589,0.0005
10007.306944449123,1.0002106324763516,0.0005
10007.308333338013,0.9993272786937398,0.0005
10007.309722226903,0.9999116103488274,0.0005
10007.311111115792,0.9997324717464595,0.0005
10007.312500004682,0.9991728325877698,0.0005
10007.313888893572,1.0005583165210927,0.0005
10007.315277782462,1.0009414720048881,0.0005
10007.316666671351,0.9995749932540361,0.0005
10007.318055560241,0.9997605230177078,0.0005
10007.319444449131,0.9997667262768563,0.0005
10007.32083333802,0.9986085393750318,0.0005
10007.32222222691,0.9997312758128732,0.0005
10007.3236111158,1.0001796145252386,0.0005
10007.32500000469,0.9999204822701513,0.0005
10007.32638889358,0.9999850743506583,0.0005
10007.32777778247,1.0000518691336124,0.0005
10007.32916667136,0.9996874602586101,0.0005
10007.33055556025,1.00007362696959,0.0005
10007.331944449139,1.0001205477440915,0.0005
10007.333333338029,1.0002281083498314,0.0005
10007.334722226919,1.0004335243501703,0.0005
10007.336111115808,1.0003685673773783,0.0005
10007.337500004698,0.9992101876098108,0.0005
10007.338888893588,1.000443375458694,0.0005
10007.340277782478,1.0005290598543204,0.0005
10007.341666671367,1.0003528838140066,0.0005
10007.343055560257,1.000038567601417,0.0005
10007.344444449147,1.0003392072877435,0.0005
10007.345833338037,1.0007234128143014,0.0005
10007.347222226927,0.999582349157229,0.0005
10007.348611115816,1.00003986061861,0.0005
10007.350000004706,1.000493612172427,0.0005
10007.351388893596,0.9997964194971002,0.0005
10007.352777782486,0.9990001452626918,0.0005
10007.354166671375,1.0003385315906497,0.0005
10007.355555560265,0.9998004676013713,0.0005
10007.356944449155,1.001426458408641,0.0005
10007.358333338045,1.0002949545779294,0.0005
10007.359722226935,0.9999819009442703,0.0005
10007.361111115824,1.0000908615868966,0.0005
10007.362500004714,1.000242864326595,0.0005
10007.363888893604,0.9995809583446179,0.0005
10007.365277782494,1.0000060130996913,0.0005
10007.366666671383,0.9994979988334952,0.0005
10007.368055560273,0.9993564599556344,0.0005
10007.369444449163,0.9995009486132134,0.0005
10010.130555562042,0.9999710293963149,0.0005
10010.131944450932,0.9999538297643003,0.0005
10010.133333339822,1.0000355533360932,0.0005
10010.134722228711,1.000062389461372,0.0005
10010.136111117601,0.9998314953319886,0.0005
10010.13750000649,1.0003005289784082,0.0005
10010.13888889538,1.0002152515079674,0.0005
10010.14027778427,0.9998688814636159,0.0005
10010.14166667316,1.0003530579182647,0.0005
10010.14305556205,1.0003037111092672,0.0005
10010.14444445094,1.0000681875333965,0.0005
10010.14583333983,0.999859966202484,0.0005
10010.14722222872,0.9999450116318058,0.0005
10010.14861111761,0.9998911433659186,0.0005
10010.150000006499,0.9997346248364096,0.0005
10010.151388895389,1.0004442148942967,0.0005
10010.152777784278,0.9996011866020511,0.0005
10010.154166673168,0.9992953192370998,0.0005
10010.155555562058,1.000041351560474,0.0005
10010.156944450948,1.000323696208083,0.0005
10010.158333339838,0.9998032544435301,0.0005
10010.159722228727,0.9994746654215266,0.0005
10010.161111117617,0.9998282066386748,0.0005
10010.162500006507,1.0005757933231272,0.0005
10010.163888895397,0.9994431653619736,0.0005
10010.165277784286,1.0002903660156341,0.0005
10010.166666673176,0.9991072918629413,0.0005
10010.168055562066,1.0001473722630834,0.0005
10010.169444450956,0.9999452312954218,0.0005
10010.170833339846,1.0001749240888862,0.0005
10010.172222228735,0.9998382868946334,0.0005
10010.173611117625,1.0003036641907894,0.0005
10010.175000006515,0.9995863300644595,0.0005
10010.176388895405,0.9998025310273222,0.0005
10010.177777784294,1.0002195896542134,0.0005
10010.179166673184,0.9996179361104871,0.0005
10010.180555562074,1.0007041186684156,0.0005
10010.181944450964,0.9995527652077472,0.0005
10010.183333339854,1.0005511120289725,0.0005
10010.184722228743,1.0005786932733713,0.0005
10010.186111117633,0.9999720177705056,0.0005
10010.187500006523,1.0000470019432743,0.0005
10010.188888895413,0.9994980766275313,0.0005
10010.190277784302,0.9995548384328817,0.0005
10010.191666673192,1.0000521987792899,0.0005
10010.193055562082,1.0003953608053764,0.0005
10010.194444450972,1.0000739155681098,0.0005
10010.195833339862,1.0003595862523027,0.0005
10010.197222228751,0.9999155114128605,0.0005
10010.198611117641,1.0005145696817346,0.0005
10010.20000000653,0.9991815457946924,0.0005
10010.20138889542,1.0001985154085,0.0005
10010.20277778431,0.9999721661496386,0.0005
10010.2041666732,0.9990791645028231,0.0005
10010.20555556209,1.0012616551953224,0.0005
10010.20694445098,0.9999821006859092,0.0005
10010.20833333987,0.9994774032927537,0.0005
10010.20972222876,1.0004838244380827,0.0005
10010.21111111765,1.00021301383105,0.0005
10010.212500006539,1.0002952227496358,0.0005
10010.213888895429,1.000056421423233,0.0005
10010.215277784318,1.0003391265275665,0.0005
10010.216666673208,0.9998723368048669,0.0005
10010.218055562098,1.0008052338574311,0.0005
10010.219444450988,1.000144262275339,0.0005
10010.220833339878,1.0002871525533665,0.0005
10010.222222228767,1.0002627566185993,0.0005
10010.223611117657,1.0000381140848709,0.0005
10010.225000006547,0.9986987758229199,0.0005
10010.226388895437,1.000663749508607,0.0005
10010.227777784326,1.0001441403848736,0.0005
10010.229166673216,1.0001131615874626,0.0005
10010.230555562106,1.0001756331622627,0.0005
10010.231944450996,1.000456200866076,0.0005
10010.233333339886,0.9999639783566348,0.0005
10010.234722228775,1.0000636250208068,0.0005
10010.236111117665,0.9999638579030411,0.0005
10010.237500006555,0.9996802854336803,0.0005
10010.238888895445,0.9994538135037929,0.0005
10010.240277784334,0.9999430004849473,0.0005
10010.241666673224,0.9989795067023742,0.0005
10010.243055562114,0.9993229582198591,0.0005
10010.244444451004,1.0000317934212333,0.0005
10010.245833339894,0.9999304072446565,0.0005
10010.247222228783,0.999187060860505,0.0005
10010.248611117673,0.9993484716206028,0.0005
10010.250000006563,1.0000436297517836,0.0005
10010.251388895453,1.0003569347097372,0.0005
10010.252777784342,1.0004809136659139,0.0005
10010.254166673232,1.00057220643683,0.0005
10010.255555562122,0.9995762616867099,0.0005
10010.256944451012,0.9995494953566821,0.0005
10010.258333339902,0.9992487746935454,0.0005
10010.259722228791,0.9990860486942723,0.0005
10010.261111117681,0.9970921785909879,0.0005
10010.262500006571,0.9948242747760151,0.0005
10010.26388889546,0.9925276410343181,0.0005
10010.26527778435,0.9909560631255253,0.0005
10010.26666667324,0.9907578715668929,0.0005
10010.26805556213,0.9911092445309184,0.0005
10010.26944445102,0.9894619333316576,0.0005
10010.27083333991,0.9889091533088402,0.0005
10010.2722222288,0.9889650346336105,0.0005
10010.27361111769,0.988340121527383,0.0005
10010.275000006579,0.9882843072694272,0.0005
10010.276388895469,0.9878707574700509,0.0005
10010.277777784358,0.9868321924473529,0.0005
10010.279166673248,0.9882270238759929,0.0005
10010.280555562138,0.9874490338255907,0.0005
10010.281944451028,0.9878903058965133,0.0005
10010.283333339918,0.9885421658626321,0.0005
10010.284722228807,0.987192275245012,0.0005
10010.286111117697,0.9878332960212669,0.0005
10010.287500006587,0.9866095863878751,0.0005
10010.288888895477,0.9863697171563808,0.0005
10010.290277784366,0.9871015228267322,0.0005
10010.291666673256,0.987085620740398,0.0005
10010.293055562146,0.9874389347546715,0.0005
10010.294444451036,0.9866258045838106,0.0005
10010.295833339926,0.9850538129179357,0.0005
10010.297222228815,0.9864867776944368,0.0005
10010.298611117705,0.9864372219954315,0.0005
10010.300000006595,0.9867109998685376,0.0005
10010.301388895485,0.9871570044843059,0.0005
10010.302777784374,0.9864603546819833,0.0005
10010.304166673264,0.9866824601810837,0.0005
10010.305555562154,0.9864566195620608,0.0005
10010.306944451044,0.9863193550174354,0.0005
10010.308333339934,0.9872683236708413,0.0005
10010.309722228823,0.9873977221382925,0.0005
10010.311111117713,0.986754460599907,0.0005
10010.312500006603,0.9866483638711266,0.0005
10010.313888895493,0.9875773439012241,0.0005
10010.315277784382,0.9873440566409458,0.0005
10010.316666673272,0.9876939209203294,0.0005
10010.318055562162,0.9878758847013398,0.0005
10010.319444451052,0.9874461353730758,0.0005
10010.320833339942,0.9878586593534128,0.0005
10010.322222228831,0.9883361047508679,0.0005
10010.323611117721,0.9884828654428721,0.0005
10010.325000006611,0.9878715653904181,0.0005
10010.3263888955,0.9886942679241225,0.0005
10010.32777778439,0.9888530260803442,0.0005
10010.32916667328,0.9896636125765305,0.0005
10010.33055556217,0.9895723735722722,0.0005
10010.33194445106,0.9891662991166169,0.0005
10010.33333333995,0.9905677341066577,0.0005
10010.33472222884,0.9911540404424739,0.0005
10010.33611111773,0.9921877522200119,0.0005
10010.337500006619,0.9952120070271824,0.0005
10010.338888895509,0.9975966971753212,0.0005
10010.340277784398,0.998462385105421,0.0005
10010.341666673288,1.0001138583938123,0.0005
10010.343055562178,0.9993212409112231,0.0005
10010.344444451068,0.9994772850077368,0.0005
10010.345833339958,0.999395393807609,0.0005
10010.347222228847,1.0005683862812773,0.0005
10010.348611117737,0.9994561264321111,0.0005
10010.350000006627,1.000406425722479,0.0005
10010.351388895517,1.000177687949422,0.0005
10010.352777784406,1.0004734967057265,0.0005
10010.354166673296,0.9994157382085779,0.0005
10010.355555562186,0.9999081231486122,0.0005
10010.356944451076,1.0000487035217318,0.0005
10010.358333339966,1.000170953776239,0.0005
10010.359722228855,1.000128430961645,0.0005
10010.361111117745,1.0002426222682774,0.0005
10010.362500006635,1.0001523191712713,0.0005
10010.363888895525,0.9997191903632655,0.0005
10010.365277784415,1.0004713402661674,0.0005
10010.366666673304,1.0006301334376408,0.0005
10010.368055562194,1.0002183806896459,0.0005
10010.369444451084,0.9995649837543572,0.0005
10010.370833339974,1.0003669878833663,0.0005
10010.372222228863,1.000056381203802,0.0005
10010.373611117753,1.0003186141590479,0.0005
10010.375000006643,1.0005808100239566,0.0005
10010.376388895533,1.0008787303310376,0.0005
10010.377777784423,0.9997808324325602,0.0005
10010.379166673312,1.000360060466741,0.0005
10010.380555562202,1.0005684451439036,0.0005
10010.381944451092,0.9997535509253687,0.0005
10010.383333339982,1.0000473134726522,0.0005
10010.384722228871,0.9993627812587794,0.0005
10010.386111117761,0.9988274900014009,0.0005
10010.387500006651,0.9995536411427116,0.0005
10010.38888889554,1.0003592157910965,0.0005
10010.39027778443,0.9989570109606863,0.0005
10010.39166667332,1.0003631340897527,0.0005
10010.39305556221,1.000206862098135,0.0005
10010.3944444511,0.9999787800776733,0.0005
10010.39583333999,1.0003512197946152,0.0005
10010.39722222888,0.9996736523435231,0.0005
10010.39861111777,0.9992781896085394,0.0005
10010.400000006659,0.9998486280969561,0.0005
10010.401388895549,0.9995972170329885,0.0005
10010.402777784439,0.9997181244746446,0.0005
10010.404166673328,0.9994952863783726,0.0005
10010.405555562218,1.0002487547825407,0.0005
10010.406944451108,1.0002416200664503,0.0005
10010.408333339998,1.0000968371879728,0.0005
10010.409722228887,1.0001404457989853,0.0005
10010.411111117777,1.0000438597326509,0.0005
10010.412500006667,0.9994724238207074,0.0005
10010.413888895557,0.9998822154184205,0.0005
10010.415277784447,1.00073354258825,0.0005
10010.416666673336,0.9989256711687249,0.0005
10010.418055562226,1.0002022839107527,0.0005
10010.419444451116,0.9999562274266496,0.0005
10010.420833340006,0.9996426427907056,0.0005
10010.422222228895,1.0002441394259771,0.0005
10010.423611117785,1.0000445652664582,0.0005
10010.425000006675,0.9999965160831515,0.0005
10010.426388895565,0.9999597475623762,0.0005
10010.427777784455,1.0002052181445698,0.0005
10010.429166673344,1.000275459567812,0.0005
10010.430555562234,0.9998756232458227,0.0005
10010.431944451124,1.0001401384841744,0.0005
10010.433333340014,0.9999495083825403,0.0005
10010.434722228903,0.9996147438910662,0.0005
10010.436111117793,1.0000979453038328,0.0005
10010.437500006683,1.0009835961517186,0.0005
10010.438888895573,1.0008648529466568,0.0005
10010.440277784463,0.9999316363858992,0.0005
10010.441666673352,0.9994193339252454,0.0005
10010.443055562242,1.0003118787830942,0.0005
10010.444444451132,0.99983106308666,0.0005
10010.445833340022,0.9992534211582825,0.0005
10010.447222228911,0.9995598436345614,0.0005
10010.448611117801,1.000770762652535,0.0005
10010.450000006691,0.9994811711224861,0.0005
10010.45138889558,0.99996202737096,0.0005
10010.45277778447,1.0000172979895632,0.0005
10010.45416667336,0.9997256350529183,0.0005
10010.45555556225,0.9998513710876376,0.0005
10010.45694445114,1.000050116615485,0.0005
10010.45833334003,1.0001638091525704,0.0005
10010.45972222892,0.9998591802011954,0.0005
10010.46111111781,1.0005058899688286,0.0005
10010.462500006699,1.0002820108075472,0.0005
10010.463888895589,0.9994098372341357,0.0005
10010.465277784479,0.9995519361836208,0.0005
10010.466666673368,0.9997818684511195,0.0005
10010.468055562258,0.9998002682314502,0.0005
10010.469444451148,1.000378842928049,0.0005
10013.230555564027,1.0004980017497724,0.0005
10013.231944452917,0.9997215757157393,0.0005
10013.233333341806,0.9993222723234784,0.0005
10013.234722230696,1.0001334980293584,0.0005
10013.236111119586,1.000506154841134,0.0005
10013.237500008476,0.9991669901789182,0.0005
10013.238888897366,0.9993606523163503,0.0005
10013.240277786255,1.0005683366956957,0.0005
10013.241666675145,1.0000657505482724,0.0005
10013.243055564035,1.000018053998476,0.0005
10013.244444452925,1.0006935790063907,0.0005
10013.245833341814,1.0005266380514521,0.0005
10013.247222230704,1.0000076076754778,0.0005
10013.248611119594,1.0007087239642085,0.0005
10013.250000008484,1.0005296535394672,0.0005
10013.251388897374,1.0009053244317307,0.0005
10013.252777786263,0.999075650698629,0.0005
10013.254166675153,0.9992335713812757,0.0005
10013.255555564043,1.0005631250548725,0.0005
10013.256944452933,1.0002377639891904,0.0005
10013.258333341822,1.000777801614843,0.0005
10013.259722230712,1.0006718896100655,0.0005
10013.261111119602,0.9998683945825382,0.0005
10013.262500008492,1.0000143114574032,0.0005
10013.263888897382,0.9995563966103038,0.0005
10013.265277786271,1.0001680901174772,0.0005
10013.266666675161,0.9998615151062953,0.0005
10013.26805556405,0.9994182172687802,0.0005
10013.26944445294,0.999266728291025,0.0005
10013.27083334183,1.0004435808857233,0.0005
10013.27222223072,1.0002549429037373,0.0005
10013.27361111961,1.000180735386849,0.0005
10013.2750000085,0.9997062419150728,0.0005
10013.27638889739,1.0005269290905041,0.0005
10013.27777778628,1.0003423336495405,0.0005
10013.27916667517,0.9997588839010823,0.0005
10013.280555564059,1.000038318587247,0.0005
10013.281944452949,0.9993608814065028,0.0005
10013.283333341838,1.0011558323127991,0.0005
10013.284722230728,1.0008527640344804,0.0005
10013.286111119618,1.0004132057217232,0.0005
10013.287500008508,1.0002761425876343,0.0005
10013.288888897398,0.9991978136226639,0.0005
10013.290277786287,1.0005635272042999,0.0005
10013.291666675177,1.0002824409493,0.0005
10013.293055564067,0.9999109777618498,0.0005
10013.294444452957,1.0004588957934892,0.0005
10013.295833341846,0.9997839959308079,0.0005
10013.297222230736,0.9997716696637479,0.0005
10013.298611119626,0.9999541563295854,0.0005
10013.300000008516,1.0001316757408063,0.0005
10013.301388897406,0.999283694227412,0.0005
10013.302777786295,1.0005066974286807,0.0005
10013.304166675185,1.0004191689663826,0.0005
10013.305555564075,0.999680590460439,0.0005
10013.306944452965,1.0001267336381625,0.0005
10013.308333341854,1.0000051510678405,0.0005
10013.309722230744,0.9992642392609986,0.0005
10013.311111119634,0.999903916329097,0.0005
10013.312500008524,0.9998816111319963,0.0005
10013.313888897414,0.9996739204665727,0.0005
10013.315277786303,1.0007386455721037,0.0005
10013.316666675193,0.9999168828117124,0.0005
10013.318055564083,1.0007682611631885,0.0005
10013.319444452973,0.9991072349950172,0.0005
10013.320833341862,1.0001459942554185,0.0005
10013.322222230752,1.00003342858605,0.0005
10013.323611119642,0.9996068649156412,0.0005
10013.325000008532,0.999226149447218,0.0005
10013.326388897422,0.9987991625784812,0.0005
10013.327777786311,1.000133506951546,0.0005
10013.329166675201,1.0002041867607618,0.0005
10013.33055556409,0.9995598206459256,0.0005
10013.33194445298,0.9997339670404822,0.0005
10013.33333334187,1.0002374262887397,0.0005
10013.33472223076,0.9994733383988672,0.0005
10013.33611111965,1.0004828414279483,0.0005
10013.33750000854,1.0006265327924655,0.0005
10013.33888889743,0.9998008639698464,0.0005
10013.34027778632,0.9993462464482638,0.0005
10013.34166667521,0.9996788763323949,0.0005
10013.343055564099,0.9992803608867955,0.0005
10013.344444452989,0.9999276672993964,0.0005
10013.345833341878,0.999742537391725,0.0005
10013.347222230768,0.9998685006593161,0.0005
10013.348611119658,1.000155399480871,0.0005
10013.350000008548,0.999732073040114,0.0005
10013.351388897438,1.0009974484276454,0.0005
10013.352777786327,0.9996021678863573,0.0005
10013.354166675217,0.9996247379161952,0.0005
10013.355555564107,1.0000657956376713,0.0005
10013.356944452997,1.0005996815412341,0.0005
10013.358333341886,0.999505888321206,0.0005
10013.359722230776,0.99835480264216,0.0005
10013.361111119666,0.9960368502893339,0.0005
10013.362500008556,0.9955125082422489,0.0005
10013.363888897446,0.9934367857620403,0.0005
10013.365277786335,0.9917110544993941,0.0005
10013.366666675225,0.9902967175140411,0.0005
10013.368055564115,0.9899801143559356,0.0005
10013.369444453005,0.9903851364151183,0.0005
10013.370833341894,0.9897151854853796,0.0005
10013.372222230784,0.9877841483648527,0.0005
10013.373611119674,0.9892187690838616,0.0005
10013.375000008564,0.9875293924051337,0.0005
10013.376388897454,0.9872083068705945,0.0005
10013.377777786343,0.9873800389395372,0.0005
10013.379166675233,0.9874320133488365,0.0005
10013.380555564123,0.9877168166206296,0.0005
10013.381944453013,0.986279867510862,0.0005
10013.383333341902,0.9869226579164296,0.0005
10013.384722230792,0.9870177666864246,0.0005
10013.386111119682,0.9855663692424388,0.0005
10013.387500008572,0.9864151442732407,0.0005
10013.388888897462,0.986638970681005,0.0005
10013.390277786351,0.9863389574166586,0.0005
10013.391666675241,0.9872011551926945,0.0005
10013.393055564131,0.9874895850207738,0.0005
10013.39444445302,0.9865174726892314,0.0005
10013.39583334191,0.9869923404298037,0.0005
10013.3972222308,0.9866268491189498,0.0005
10013.39861111969,0.986461812299978,0.0005
10013.40000000858,0.9860294001863641,0.0005
10013.40138889747,0.986322016022275,0.0005
10013.40277778636,0.986182110995382,0.0005
10013.40416667525,0.9864594944586189,0.0005
10013.405555564139,0.9861271890486104,0.0005
10013.406944453029,0.9865633104803394,0.0005
10013.408333341918,0.9869656547661638,0.0005
10013.409722230808,0.9867151569333973,0.0005
10013.411111119698,0.9867920833210087,0.0005
10013.412500008588,0.9867924735761628,0.0005
10013.413888897478,0.987209067334707,0.0005
10013.415277786367,0.9881869796811931,0.0005
10013.416666675257,0.9875471586533895,0.0005
10013.418055564147,0.9873022821297737,0.0005
10013.419444453037,0.9871548991155499,0.0005
10013.420833341926,0.9869743278410191,0.0005
10013.422222230816,0.988176353076309,0.0005
10013.423611119706,0.9871867933051512,0.0005
10013.425000008596,0.9878770013431665,0.0005
10013.426388897486,0.9882718535247393,0.0005
10013.427777786375,0.9886727842884787,0.0005
10013.429166675265,0.9888017836017051,0.0005
10013.430555564155,0.990303255775125,0.0005
10013.431944453045,0.989452555850459,0.0005
10013.433333341934,0.9909664197725845,0.0005
10013.434722230824,0.9911973189718633,0.0005
10013.436111119714,0.9932717039429146,0.0005
10013.437500008604,0.9956982839058564,0.0005
10013.438888897494,0.9965520793804323,0.0005
10013.440277786383,0.998989742654662,0.0005
10013.441666675273,1.0001732505176055,0.0005
10013.443055564163,0.9997810936512006,0.0005
10013.444444453053,0.9996270735218485,0.0005
10013.445833341942,1.0001840232568315,0.0005
10013.447222230832,1.0008101716106637,0.0005
10013.448611119722,0.9998895980062346,0.0005
10013.450000008612,0.9994275469130126,0.0005
10013.451388897502,0.9994830969768012,0.0005
10013.452777786391,0.9992100444122101,0.0005
10013.454166675281,1.0001138006653911,0.0005
10013.455555564171,1.0000670665009528,0.0005
10013.45694445306,0.9999122748464601,0.0005
10013.45833334195,1.0008342798968617,0.0005
10013.45972223084,0.999494648727653,0.0005
10013.46111111973,1.0004279916677152,0.0005
10013.46250000862,0.9992701463666132,0.0005
10013.46388889751,0.9989780843205435,0.0005
10013.4652777864,1.000219051035788,0.0005
10013.46666667529,0.9991732142912388,0.0005
10013.468055564179,0.9991371962293506,0.0005
10013.469444453069,0.9998687277679664,0.0005
10013.470833341958,0.9997685646584545,0.0005
10013.472222230848,1.000298881672451,0.0005
10013.473611119738,0.9999193750619954,0.0005
10013.475000008628,1.0004065559587343,0.0005
10013.476388897518,1.0002317502719933,0.0005
10013.477777786407,1.000384214012577,0.0005
10013.479166675297,1.000159245719459,0.0005
10013.480555564187,1.0003565780257446,0.0005
10013.481944453077,1.00061196217019,0.0005
10013.483333341966,1.0005085260764912,0.0005
10013.484722230856,0.9991878129352301,0.0005
10013.486111119746,0.9999084400151929,0.0005
10013.487500008636,0.9993209321245976,0.0005
10013.488888897526,1.000331406666163,0.0005
10013.490277786415,1.0000372193527145,0.0005
10013.491666675305,0.9991894205734336,0.0005
10013.493055564195,1.000207358384587,0.0005
10013.494444453085,1.0001842215698824,0.0005
10013.495833341975,0.9998097158029442,0.0005
10013.497222230864,1.0000429586792998,0.0005
10013.498611119754,0.9997221404396645,0.0005
10013.500000008644,1.00062227775218,0.0005
10013.501388897534,1.0000443555443623,0.0005
10013.502777786423,0.9999331531527685,0.0005
10013.504166675313,0.999656246083783,0.0005
10013.505555564203,0.9998951422296825,0.0005
10013.506944453093,0.9999853594901882,0.0005
10013.508333341983,1.0006666835797178,0.0005
10013.509722230872,0.99994806841442,0.0005
10013.511111119762,1.0002526539575018,0.0005
10013.512500008652,1.0000802285411898,0.0005
10013.513888897542,1.0014042964515706,0.0005
10013.515277786431,0.9997458845605797,0.0005
10013.516666675321,1.000475795454741,0.0005
10013.518055564211,0.9989619895338903,0.0005
10013.5194444531,0.9997837197047383,0.0005
10013.52083334199,0.9997170691673818,0.0005
10013.52222223088,0.9996766458858509,0.0005
10013.52361111977,0.9991159448605874,0.0005
10013.52500000866,0.9999972697499278,0.0005
10013.52638889755,0.9999474190191303,0.0005
10013.52777778644,0.9987142072768649,0.0005
10013.52916667533,1.0009081358520597,0.0005
10013.530555564219,1.0003622317620338,0.0005
10013.531944453109,0.9990927311767986,0.0005
10013.533333341999,1.0001208004273348,0.0005
10013.534722230888,0.9997944006439617,0.0005
10013.536111119778,0.9993370519783369,0.0005
10013.537500008668,0.9993552660469758,0.0005
10013.538888897558,0.9995937220122306,0.0005
10013.540277786447,1.0005266955824987,0.0005
10013.541666675337,0.9998888292104351,0.0005
10013.543055564227,1.0001412131266147,0.0005
10013.544444453117,0.9999930836916444,0.0005
10013.545833342007,1.0007686517812449,0.0005
10013.547222230896,1.0003193049036714,0.0005
10013.548611119786,1.0002595745215848,0.0005
10013.550000008676,0.999934894466466,0.0005
10013.551388897566,0.9996485592079176,0.0005
10013.552777786455,1.0001549481343803,0.0005
10013.554166675345,1.0010152219913793,0.0005
10013.555555564235,1.0002594099188689,0.0005
10013.556944453125,1.0006990719587052,0.0005
10013.558333342015,1.0006685444975514,0.0005
10013.559722230904,0.9999128178500869,0.0005
10013.561111119794,1.0006164606020924,0.0005
10013.562500008684,1.0008869672775196,0.0005
10013.563888897574,0.9999629219127831,0.0005
10013.565277786463,0.9998648193858358,0.0005
10013.566666675353,1.000038571104712,0.0005
10013.568055564243,0.9997437302123926,0.0005
10013.569444453133,0.9997440375779559,0.0005
10016.330555566012,1.0002477143873816,0.0005
10016.331944454902,1.0001570892316947,0.0005
10016.333333343791,1.0004182501794021,0.0005
10016.334722232681,1.0002352868972693,0.0005
10016.33611112157,0.999283483959162,0.0005
10016.33750001046,1.0005513695999702,0.0005
10016.33888889935,0.9999082409843575,0.0005
10016.34027778824,1.0002491960217517,0.0005
10016.34166667713,0.9998956472006816,0.0005
10016.34305556602,0.9993171319159475,0.0005
10016.34444445491,1.0003393371342177,0.0005
10016.3458333438,1.0005141349049922,0.0005
10016.34722223269,0.9995120869028946,0.0005
10016.348611121579,1.0002624057718932,0.0005
10016.350000010469,1.000005089370446,0.0005
10016.351388899358,1.0007989603227747,0.0005
10016.352777788248,1.000581060914047,0.0005
10016.354166677138,0.9994190415900064,0.0005
10016.355555566028,1.000057680365258,0.0005
10016.356944454918,0.9993965466289958,0.0005
10016.358333343807,1.0001834841348698,0.0005
10016.359722232697,0.9997846713804734,0.0005
10016.361111121587,0.9999008673578037,0.0005
10016.362500010477,1.0010093575922465,0.0005
10016.363888899366,1.0009331089936007,0.0005
10016.365277788256,0.9995706280698147,0.0005
10016.366666677146,1.0002390213462944,0.0005
10016.368055566036,1.0002397800660583,0.0005
10016.369444454926,0.999160127336706,0.0005
10016.370833343815,0.9997993558088404,0.0005
10016.372222232705,0.9997497039073855,0.0005
10016.373611121595,0.9992372472760503,0.0005
10016.375000010485,1.0001862626006603,0.0005
10016.376388899374,0.999365256885085,0.0005
10016.377777788264,1.0005865705070696,0.0005
10016.379166677154,1.000695392201959,0.0005
10016.380555566044,1.0001657203274934,0.0005
10016.381944454934,0.99989180423271,0.0005
10016.383333343823,1.0001939284051187,0.0005
10016.384722232713,0.9998935200920406,0.0005
10016.386111121603,0.9998259605832968,0.0005
10016.387500010493,0.9996662763074252,0.0005
10016.388888899382,0.998959644343543,0.0005
10016.390277788272,0.9999949059802309,0.0005
10016.391666677162,0.9995655393460956,0.0005
10016.393055566052,0.9991668376914286,0.0005
10016.394444454942,0.9999235233212296,0.0005
10016.395833343831,1.0002269639114,0.0005
10016.397222232721,1.0006857515669896,0.0005
10016.39861112161,0.9997273551310709,0.0005
10016.4000000105,1.0000989435130891,0.0005
10016.40138889939,0.9996926398523279,0.0005
10016.40277778828,0.9991596560131846,0.0005
10016.40416667717,1.0002466474017515,0.0005
10016.40555556606,0.9998611850540422,0.0005
10016.40694445495,0.9993423923866015,0.0005
10016.40833334384,1.0002857145725805,0.0005
10016.40972223273,0.9996745498898865,0.0005
10016.411111121619,1.000088129552092,0.0005
10016.412500010509,1.0004204905907155,0.0005
10016.413888899398,0.9998429781804823,0.0005
10016.415277788288,0.9998187033580297,0.0005
10016.416666677178,1.0002352148888458,0.0005
10016.418055566068,0.9995398296774878,0.0005
10016.419444454958,1.0005437133380515,0.0005
10016.420833343847,0.9996259279161221,0.0005
10016.422222232737,1.0006780502363086,0.0005
10016.423611121627,1.0005599464559083,0.0005
10016.425000010517,0.9995653960505773,0.0005
10016.426388899406,1.00030674262623,0.0005
10016.427777788296,0.999939492692452,0.0005
10016.429166677186,0.9990652006278674,0.0005
10016.430555566076,0.9999925555131859,0.0005
10016.431944454966,0.999500520629894,0.0005
10016.433333343855,1.0001329430743602,0.0005
10016.434722232745,1.0008293309453014,0.0005
10016.436111121635,0.9998729096032499,0.0005
10016.437500010525,0.9996509692337634,0.0005
10016.438888899414,0.9998545105187958,0.0005
10016.440277788304,0.9992904044913886,0.0005
10016.441666677194,0.9999208713152725,0.0005
10016.443055566084,1.0001488628791904,0.0005
10016.444444454974,1.0000038215263958,0.0005
10016.445833343863,1.0001437671979805,0.0005
10016.447222232753,0.9998158739454412,0.0005
10016.448611121643,1.0001832583612011,0.0005
10016.450000010533,1.0000593457427702,0.0005
10016.451388899422,1.000281446165925,0.0005
10016.452777788312,0.9999094867030901,0.0005
10016.454166677202,1.0002670313114648,0.0005
10016.455555566092,1.0000623909042032,0.0005
10016.456944454982,1.0003478720583197,0.0005
10016.458333343871,0.9994179386625409,0.0005
10016.459722232761,0.9980644178016101,0.0005
10016.46111112165,0.9970658351288543,0.0005
10016.46250001054,0.9956760346782922,0.0005
10016.46388889943,0.9926048069327449,0.0005
10016.46527778832,0.9908936956420837,0.0005
10016.46666667721,0.9903031627283687,0.0005
10016.4680555661,0.9894147543707091,0.0005
10016.46944445499,0.9886750364609926,0.0005
10016.47083334388,0.9889121730300869,0.0005
10016.47222223277,0.9885847891396886,0.0005
10016.473611121659,0.9890868890960729,0.0005
10016.475000010549,0.9874326112337722,0.0005
10016.476388899438,0.987737132457102,0.0005
10016.477777788328,0.9871970169612356,0.0005
10016.479166677218,0.9874502363934758,0.0005
10016.480555566108,0.9876553047903253,0.0005
10016.481944454998,0.9873397707811021,0.0005
10016.483333343887,0.9865719131273557,0.0005
10016.484722232777,0.9871506621717144,0.0005
10016.486111121667,0.9866852316309269,0.0005
10016.487500010557,0.9859472557063463,0.0005
10016.488888899446,0.9866946993841335,0.0005
10016.490277788336,0.9864425797575201,0.0005
10016.491666677226,0.986013252584117,0.0005
10016.493055566116,0.9872093511291302,0.0005
10016.494444455006,0.9872869165614628,0.0005
10016.495833343895,0.9861488299954619,0.0005
10016.497222232785,0.986369359838657,0.0005
10016.498611121675,0.9862022034836276,0.0005
10016.500000010565,0.9861204124508919,0.0005
10016.501388899454,0.9862638155151036,0.0005
10016.502777788344,0.9870456359627942,0.0005
10016.504166677234,0.9861683532252203,0.0005
10016.505555566124,0.9869706018613119,0.0005
10016.506944455014,0.9863574797300808,0.0005
10016.508333343903,0.9864908851416733,0.0005
10016.509722232793,0.9868005542737569,0.0005
10016.511111121683,0.9868043058759444,0.0005
10016.512500010573,0.9868440229467277,0.0005
10016.513888899462,0.9871345327240729,0.0005
10016.515277788352,0.9880698333284316,0.0005
10016.516666677242,0.987303937845457,0.0005
10016.518055566132,0.9875176840331961,0.0005
10016.519444455022,0.9880865692532952,0.0005
10016.520833343911,0.9882267457356883,0.0005
10016.522222232801,0.9873770376664234,0.0005
10016.523611121691,0.9882985091214193,0.0005
10016.52500001058,0.9885843166859709,0.0005
10016.52638889947,0.9881549696570965,0.0005
10016.52777778836,0.9891189673390672,0.0005
10016.52916667725,0.9890559315458959,0.0005
10016.53055556614,0.9891575281417614,0.0005
10016.53194445503,0.9898975548313023,0.0005
10016.53333334392,0.9896092496595369,0.0005
10016.53472223281,0.9909570334754254,0.0005
10016.536111121699,0.9930151679297092,0.0005
10016.537500010589,0.9952566896931454,0.0005
10016.538888899478,0.9970706702746379,0.0005
10016.540277788368,0.9992422956094458,0.0005
10016.541666677258,0.9989062783838477,0.0005
10016.543055566148,0.999309883925479,0.0005
10016.544444455038,1.0000158814260363,0.0005
10016.545833343927,1.0012747131466906,0.0005
10016.547222232817,1.0003755356779853,0.0005
10016.548611121707,1.000005518296436,0.0005
10016.550000010597,1.000284849951184,0.0005
10016.551388899486,1.0004292177978873,0.0005
10016.552777788376,0.9996169586164668,0.0005
10016.554166677266,0.9996573276651781,0.0005
10016.555555566156,0.9993864533287424,0.0005
10016.556944455046,0.9996568777562481,0.0005
10016.558333343935,0.9999806013260728,0.0005
10016.559722232825,1.0002517965489215,0.0005
10016.561111121715,0.9994990417037035,0.0005
10016.562500010605,1.000352925330759,0.0005
10016.563888899494,0.9998506806464956,0.0005
10016.565277788384,1.000236971858919,0.0005
10016.566666677274,1.0005473140095227,0.0005
10016.568055566164,0.999529867106607,0.0005
10016.569444455054,1.0009836755932455,0.0005
10016.570833343943,0.9993880180728493,0.0005
10016.572222232833,0.9993617356307236,0.0005
10016.573611121723,0.9994904201825722,0.0005
10016.575000010613,1.000319322838535,0.0005
10016.576388899502,1.0008064651468727,0.0005
10016.577777788392,0.9996681312209078,0.0005
10016.579166677282,1.000271230737693,0.0005
10016.580555566172,0.9995089293609997,0.0005
10016.581944455062,1.000398100143146,0.0005
10016.583333343951,0.9999055698381258,0.0005
10016.584722232841,1.000306453524912,0.0005
10016.586111121731,1.0003103073246926,0.0005
10016.58750001062,1.000302979333157,0.0005
10016.58888889951,1.0011616332811482,0.0005
10016.5902777884,0.9999705274975399,0.0005
10016.59166667729,1.0004002081392356,0.0005
10016.59305556618,0.9997659150767643,0.0005
10016.59444445507,1.000928586134561,0.0005
10016.59583334396,0.9999399598963673,0.0005
10016.59722223285,0.9997629991229041,0.0005
10016.598611121739,0.9995729857682909,0.0005
10016.600000010629,0.9997899703024957,0.0005
10016.601388899518,0.9991199540620436,0.0005
10016.602777788408,0.9998725055705635,0.0005
10016.604166677298,0.9991361379544971,0.0005
10016.605555566188,0.9998654912552138,0.0005
10016.606944455078,0.9994291351835092,0.0005
10016.608333343967,1.0000100008200279,0.0005
10016.609722232857,1.0003992738909802,0.0005
10016.611111121747,1.0001116326105846,0.0005
10016.612500010637,0.9991007759322893,0.0005
10016.613888899527,1.0007303056061934,0.0005
10016.615277788416,0.9998825145101423,0.0005
10016.616666677306,0.9996617096168118,0.0005
10016.618055566196,1.0001414841126033,0.0005
10016.619444455086,1.0009470710398,0.0005
10016.620833343975,1.0008962974626634,0.0005
10016.622222232865,1.0000727822889481,0.0005
10016.623611121755,1.000200446889919,0.0005
10016.625000010645,1.000423823051141,0.0005
10016.626388899535,1.0000880386333222,0.0005
10016.627777788424,0.9988162165292495,0.0005
10016.629166677314,1.0000813806203008,0.0005
10016.630555566204,1.0006315390455638,0.0005
10016.631944455094,0.9999000887446604,0.0005
10016.633333343983,0.9995068710074371,0.0005
10016.634722232873,0.9991341681201842,0.0005
10016.636111121763,0.9999189858813355,0.0005
10016.637500010653,0.9998321247653275,0.0005
10016.638888899543,1.0009719115240294,0.0005
10016.640277788432,0.9998819560394813,0.0005
10016.641666677322,1.000060182641607,0.0005
10016.643055566212,0.9999752594347311,0.0005
10016.644444455102,1.0007727430544653,0.0005
10016.645833343991,0.9993518534013074,0.0005
10016.647222232881,0.9996862230464908,0.0005
10016.648611121771,1.0002036712805507,0.0005
10016.65000001066,1.0002226110818875,0.0005
10016.65138889955,1.0001554197392168,0.0005
10016.65277778844,0.9992072589810121,0.0005
10016.65416667733,0.9997093308478946,0.0005
10016.65555556622,1.0000599043821077,0.0005
10016.65694445511,1.000322862415362,0.0005
10016.658333344,1.0004787318844188,0.0005
10016.65972223289,1.0008422558447259,0.0005
10016.661111121779,0.9991899839901278,0.0005
10016.662500010669,1.0006614038762363,0.0005
10016.663888899559,0.9999160263250733,0.0005
10016.665277788448,0.9992084923311789,0.0005
10016.666666677338,0.999147340975225,0.0005
10016.668055566228,1.0001805534041486,0.0005
10016.669444455118,1.0000393940088885,0.0005
10019.430555567997,0.9998771991246096,0.0005
10019.431944456886,0.9997968330981476,0.0005
10019.433333345776,1.0003983000656107,0.0005
10019.434722234666,1.0007603270419596,0.0005
10019.436111123556,1.000063369627224,0.0005
10019.437500012446,0.9990792584616698,0.0005
10019.438888901335,1.0006174163222998,0.0005
10019.440277790225,0.9998284650628522,0.0005
10019.441666679115,0.9997484732933243,0.0005
10019.443055568005,0.9999926972504366,0.0005
10019.444444456894,1.000059875745782,0.0005
10019.445833345784,1.0003373227228276,0.0005
10019.447222234674,1.0001346030677372,0.0005
10019.448611123564,0.9998327707253657,0.0005
10019.450000012454,1.0004872090455126,0.0005
10019.451388901343,1.0001721634773202,0.0005
10019.452777790233,1.0003810969842746,0.0005
10019.454166679123,1.0001527406467012,0.0005
10019.455555568013,0.9998067227953271,0.0005
10019.456944456902,1.0004087985519439,0.0005
10019.458333345792,0.9996101525427595,0.0005
10019.459722234682,0.9996054650620555,0.0005
10019.461111123572,0.9996494967676197,0.0005
10019.462500012462,0.9992220311345269,0.0005
10019.463888901351,1.000596681940857,0.0005
10019.465277790241,0.9996905062842467,0.0005
10019.46666667913,0.9995757430316746,0.0005
10019.46805556802,1.000423666116116,0.0005
10019.46944445691,1.00035889034192,0.0005
10019.4708333458,1.0000283092615732,0.0005
10019.47222223469,0.9994859880144247,0.0005
10019.47361112358,1.0002208470541454,0.0005
10019.47500001247,0.9996755879229574,0.0005
10019.47638890136,1.000242793752992,0.0005
10019.47777779025,1.000575190671695,0.0005
10019.479166679139,1.000127910073557,0.0005
10019.480555568029,0.999689162790964,0.0005
10019.481944456918,1.000299874399259,0.0005
10019.483333345808,0.9994980905690046,0.0005
10019.484722234698,1.0004600662617527,0.0005
10019.486111123588,0.999958525977504,0.0005
10019.487500012478,0.9999988915873002,0.0005
10019.488888901367,1.0000877329638285,0.0005
10019.490277790257,0.9996962406576603,0.0005
10019.491666679147,1.000196835301693,0.0005
10019.493055568037,1.000029706858471,0.0005
10019.494444456926,0.9996869073060305,0.0005
10019.495833345816,0.9999070913658562,0.0005
10019.497222234706,0.9998083388189306,0.0005
10019.498611123596,1.0004134332172552,0.0005
10019.500000012486,1.0005275071966617,0.0005
10019.501388901375,1.000292003111685,0.0005
10019.502777790265,1.0005712444539496,0.0005
10019.504166679155,1.0001179825948034,0.0005
10019.505555568045,0.9988681037092587,0.0005
10019.506944456934,0.9996817846060334,0.0005
10019.508333345824,1.0001878048014206,0.0005
10019.509722234714,1.0001943477569808,0.0005
10019.511111123604,0.99911908010524,0.0005
10019.512500012494,0.9990938810861963,0.0005
10019.513888901383,1.0007892101756,0.0005
10019.515277790273,0.9997268074585169,0.0005
10019.516666679163,1.0002170713628162,0.0005
10019.518055568053,1.0004830394862236,0.0005
10019.519444456942,1.0001243739327579,0.0005
10019.520833345832,0.998867845505443,0.0005
10019.522222234722,0.9993390647397395,0.0005
10019.523611123612,1.0004653372601229,0.0005
10019.525000012502,0.9998566511604787,0.0005
10019.526388901391,0.9999297090346196,0.0005
10019.527777790281,1.000133887646089,0.0005
10019.52916667917,0.9998637085162351,0.0005
10019.53055556806,1.0003034691012886,0.0005
10019.53194445695,0.9998026421077308,0.0005
10019.53333334584,0.9994858125666916,0.0005
10019.53472223473,1.0004630269402117,0.0005
10019.53611112362,1.0002813702522728,0.0005
10019.53750001251,0.9998908868071216,0.0005
10019.5388889014,0.999710534930164,0.0005
10019.54027779029,1.000204985919398,0.0005
10019.541666679179,0.9994383528789588,0.0005
10019.543055568069,0.9996007201225896,0.0005
10019.544444456958,1.0002207141564157,0.0005
10019.545833345848,0.9996944219984709,0.0005
10019.547222234738,0.9999185320861577,0.0005
10019.548611123628,1.000415801669912,0.0005
10019.550000012518,1.0002014604038785,0.0005
10019.551388901407,1.0003191283748947,0.0005
10019.552777790297,1.0003830896698367,0.0005
10019.554166679187,0.9996850840913922,0.0005
10019.555555568077,1.0000956277448814,0.0005
10019.556944456966,0.9996999133298494,0.0005
10019.558333345856,0.9992417984378088,0.0005
10019.559722234746,0.9989483520018949,0.0005
10019.561111123636,0.9970213917890903,0.0005
10019.562500012526,0.9949171763209773,0.0005
10019.563888901415,0.9923096258715872,0.0005
10019.565277790305,0.9915804671722669,0.0005
10019.566666679195,0.9902789763075331,0.0005
10019.568055568085,0.9893576384443937,0.0005
10019.569444456974,0.9893697364965759,0.0005
10019.570833345864,0.9895799325398406,0.0005
10019.572222234754,0.9885618592855566,0.0005
10019.573611123644,0.9880285767490675,0.0005
10019.575000012534,0.9892589800711739,0.0005
10019.576388901423,0.9867995335855955,0.0005
10019.577777790313,0.9876853326535789,0.0005
10019.579166679203,0.9870057890797304,0.0005
10019.580555568093,0.9871313577427149,0.0005
10019.581944456982,0.986914681633352,0.0005
10019.583333345872,0.9868289340071988,0.0005
10019.584722234762,0.9871266939927315,0.0005
10019.586111123652,0.9871326608118081,0.0005
10019.587500012542,0.9870949235786524,0.0005
10019.588888901431,0.9870583310586457,0.0005
10019.590277790321,0.9869165579468446,0.0005
10019.59166667921,0.9872641347224825,0.0005
10019.5930555681,0.9870293257824359,0.0005
10019.59444445699,0.9867604994030366,0.0005
10019.59583334588,0.9866537744943544,0.0005
10019.59722223477,0.986535692985077,0.0005
10019.59861112366,0.9872807340607201,0.0005
10019.60000001255,0.9859330138820096,0.0005
10019.60138890144,0.9864241894041788,0.0005
10019.60277779033,0.9865550678851204,0.0005
10019.604166679219,0.9869005639288152,0.0005
10019.605555568109,0.986905937369306,0.0005
10019.606944456998,0.9863296389240375,0.0005
10019.608333345888,0.9872808837339634,0.0005
10019.609722234778,0.9869481527706682,0.0005
10019.611111123668,0.986991699137044,0.0005
10019.612500012558,0.9874839425206843,0.0005
10019.613888901447,0.9874664357795048,0.0005
10019.615277790337,0.9867964843906168,0.0005
10019.616666679227,0.9871515997125119,0.0005
10019.618055568117,0.9878327579175574,0.0005
10019.619444457006,0.98743374414717,0.0005
10019.620833345896,0.9877848255312518,0.0005
10019.622222234786,0.9877372183583707,0.0005
10019.623611123676,0.9881001595498706,0.0005
10019.625000012566,0.9880989041169113,0.0005
10019.626388901455,0.9888698251053384,0.0005
10019.627777790345,0.988166331263095,0.0005
10019.629166679235,0.9889378890701039,0.0005
10019.630555568125,0.9898297679530874,0.0005
10019.631944457014,0.9901810753545612,0.0005
10019.633333345904,0.9913955307852796,0.0005
10019.634722234794,0.9908969792713411,0.0005
10019.636111123684,0.9930444871074707,0.0005
10019.637500012574,0.9948077662277802,0.0005
10019.638888901463,0.9966408989576209,0.0005
10019.640277790353,0.9977422422340781,0.0005
10019.641666679243,0.99994756721846,0.0005
10019.643055568133,0.999333672346222,0.0005
10019.644444457022,1.0001896311273604,0.0005
10019.645833345912,1.001051513064025,0.0005
10019.647222234802,0.9999027130720465,0.0005
10019.648611123692,1.0007657164842318,0.0005
10019.650000012582,1.0000307408004094,0.0005
10019.651388901471,1.0008263308445031,0.0005
10019.652777790361,1.0006925363275567,0.0005
10019.654166679251,1.0002314252854632,0.0005
10019.65555556814,1.0004446512491807,0.0005
10019.65694445703,1.0003746648216625,0.0005
10019.65833334592,1.000375252858392,0.0005
10019.65972223481,0.9999809267010709,0.0005
10019.6611111237,0.9996186667591971,0.0005
10019.66250001259,1.0001944449441804,0.0005
10019.66388890148,1.0004926868677493,0.0005
10019.66527779037,1.00004646530031,0.0005
10019.666666679259,0.9992828912956513,0.0005
10019.668055568149,0.9993612241701882,0.0005
10019.669444457038,1.0008697635070931,0.0005
10019.670833345928,0.9992852231105454,0.0005
10019.672222234818,0.9998208641217216,0.0005
10019.673611123708,1.000108022165702,0.0005
10019.675000012598,1.000065776298115,0.0005
10019.676388901487,1.0001429183459076,0.0005
10019.677777790377,1.0006981617538464,0.0005
10019.679166679267,0.999775023082147,0.0005
10019.680555568157,1.000503776369079,0.0005
10019.681944457046,0.9999761050289072,0.0005
10019.683333345936,1.0004845903273438,0.0005
10019.684722234826,0.9996919515148713,0.0005
10019.686111123716,0.9996525045810453,0.0005
10019.687500012606,1.0006147529699407,0.0005
10019.688888901495,1.0008879611729826,0.0005
10019.690277790385,1.000182025746356,0.0005
10019.691666679275,1.0000449287118853,0.0005
10019.693055568165,1.0014846489626312,0.0005
10019.694444457054,1.0005123153321194,0.0005
10019.695833345944,0.9987971107991408,0.0005
10019.697222234834,1.0000699599520613,0.0005
10019.698611123724,1.0008978095642593,0.0005
10019.700000012614,1.0007410835461228,0.0005
10019.701388901503,0.999448007099804,0.0005
10019.702777790393,0.9997180660578946,0.0005
10019.704166679283,1.0003944957527484,0.0005
10019.705555568173,0.9993964651914642,0.0005
10019.706944457062,0.9995581490653779,0.0005
10019.708333345952,1.0010481188575815,0.0005
10019.709722234842,1.0001134345058986,0.0005
10019.711111123732,0.999670562177782,0.0005
10019.712500012622,0.999090506941561,0.0005
10019.713888901511,0.9997444423206319,0.0005
10019.715277790401,1.000745707204114,0.0005
10019.716666679291,0.9994848925967456,0.0005
10019.71805556818,1.0005843038356321,0.0005
10019.71944445707,1.0002506649662335,0.0005
10019.72083334596,0.9995571752767884,0.0005
10019.72222223485,1.0002775231227536,0.0005
10019.72361112374,1.0005334593337705,0.0005
10019.72500001263,1.000797293126845,0.0005
10019.72638890152,0.9994388990145868,0.0005
10019.72777779041,1.0004339007858387,0.0005
10019.729166679299,1.0001331562880658,0.0005
10019.730555568189,1.0001732520446587,0.0005
10019.731944457078,0.9997161646320523,0.0005
10019.733333345968,0.9999556790858223,0.0005
10019.734722234858,1.0001581225599958,0.0005
10019.736111123748,1.00011236620879,0.0005
10019.737500012638,1.0002249623194344,0.0005
10019.738888901527,0.9997517266308289,0.0005
10019.740277790417,0.9997769450603021,0.0005
10019.741666679307,1.0000849102420293,0.0005
10019.743055568197,0.9995948568992236,0.0005
10019.744444457087,0.9998120901949874,0.0005
10019.745833345976,1.000112995602417,0.0005
10019.747222234866,1.0002445569655696,0.0005
10019.748611123756,1.000433631888563,0.0005
10019.750000012646,1.0003037270924844,0.0005
10019.751388901535,0.9996104613324965,0.0005
10019.752777790425,0.999872294572003,0.0005
10019.754166679315,0.9998387874440043,0.0005
10019.755555568205,0.999418969276842,0.0005
10019.756944457095,1.000595270025587,0.0005
10019.758333345984,0.9998777150477725,0.0005
10019.759722234874,1.000222423254629,0.0005
10019.761111123764,0.9996389008163648,0.0005
10019.762500012654,0.9997471947526057,0.0005
10019.763888901543,0.999249159670195,0.0005
10019.765277790433,0.9996528340758406,0.0005
10019.766666679323,1.0012890246379391,0.0005
10019.768055568213,0.9997858735919337,0.0005
10019.769444457103,0.9990216610695457,0.0005
10022.530555569982,0.999833441747544,0.0005
10022.531944458871,1.0001713237920438,0.0005
10022.533333347761,1.0009474325113037,0.0005
10022.53472223665,0.9995787161856932,0.0005
10022.53611112554,0.9998537614919563,0.0005
10022.53750001443,1.000568319919453,0.0005
10022.53888890332,1.0007386015597,0.0005
10022.54027779221,0.9997370503013925,0.0005
10022.5416666811,1.0008892712461952,0.0005
10022.54305556999,0.9996818137379495,0.0005
10022.54444445888,0.9996229814131534,0.0005
10022.545833347769,1.000372749579604,0.0005
10022.547222236659,0.999583173690954,0.0005
10022.548611125549,0.9999112442714483,0.0005
10022.550000014438,0.9999843546782908,0.0005
10022.551388903328,1.0002769585097566,0.0005
10022.552777792218,1.0000337430207444,0.0005
10022.554166681108,0.9996526497493777,0.0005
10022.555555569998,0.9999443480668234,0.0005
10022.556944458887,0.9998023741280156,0.0005
10022.558333347777,1.0004679738440103,0.0005
10022.559722236667,0.9995293450418624,0.0005
10022.561111125557,1.0002913209111939,0.0005
10022.562500014446,1.0001797427574652,0.0005
10022.563888903336,0.9991552225163101,0.0005
10022.565277792226,1.0006135662940139,0.0005
10022.566666681116,0.9999018596082652,0.0005
10022.568055570006,1.001362159140656,0.0005
10022.569444458895,0.999758990458163,0.0005
10022.570833347785,0.9999682153160064,0.0005
10022.572222236675,0.9987823845425549,0.0005
10022.573611125565,0.999880678500085,0.0005
10022.575000014454,1.0005041782138304,0.0005
10022.576388903344,1.000451262858042,0.0005
10022.577777792234,1.000274898814298,0.0005
10022.579166681124,1.0004237565628025,0.0005
10022.580555570014,0.9990809212942788,0.0005
10022.581944458903,0.9999217045128652,0.0005
10022.583333347793,0.9999159381341364,0.0005
10022.584722236683,1.0003580378419603,0.0005
10022.586111125573,1.0000842855481857,0.0005
10022.587500014462,0.9998530040763599,0.0005
10022.588888903352,0.9996845778892165,0.0005
10022.590277792242,0.9997047833576125,0.0005
10022.591666681132,1.0000917721309435,0.0005
10022.593055570022,0.9992642856300604,0.0005
10022.594444458911,0.9993250538318768,0.0005
10022.595833347801,0.9999213256215848,0.0005
10022.59722223669,0.9987191618484209,0.0005
10022.59861112558,1.000360933219339,0.0005
10022.60000001447,0.999570605180579,0.0005
10022.60138890336,0.9998827368437069,0.0005
10022.60277779225,0.9997023777806907,0.0005
10022.60416668114,0.9997839319511679,0.0005
10022.60555557003,0.9999216676481905,0.0005
10022.60694445892,1.000535551563109,0.0005
10022.60833334781,0.9995274344201054,0.0005
10022.609722236699,0.999858635241708,0.0005
10022.611111125589,0.9989953620154682,0.0005
10022.612500014478,0.9990375416740679,0.0005
10022.613888903368,0.9992670895342123,0.0005
10022.615277792258,0.9999597647733842,0.0005
10022.616666681148,0.9993768936244336,0.0005
10022.618055570038,0.9998668494429219,0.0005
10022.619444458927,0.9998428125693314,0.0005
10022.620833347817,0.9992324916286289,0.0005
10022.622222236707,1.0006068998422197,0.0005
10022.623611125597,1.000176679959526,0.0005
10022.625000014486,1.000189337334608,0.0005
10022.626388903376,0.9996335007259378,0.0005
10022.627777792266,1.0001436879320136,0.0005
10022.629166681156,0.9999210705339208,0.0005
10022.630555570046,0.9997589086856822,0.0005
10022.631944458935,0.9985449346011039,0.0005
10022.633333347825,0.9997568050390129,0.0005
10022.634722236715,0.9999031117439972,0.0005
10022.636111125605,0.9996364784312547,0.0005
10022.637500014494,0.9992530620913479,0.0005
10022.638888903384,1.0000508275095341,0.0005
10022.640277792274,1.0004406215496895,0.0005
10022.641666681164,0.9995035962790835,0.0005
10022.643055570054,0.9991134632008788,0.0005
10022.644444458943,0.9998268555301123,0.0005
10022.645833347833,0.9995805105103254,0.0005
10022.647222236723,1.000135344153626,0.0005
10022.648611125613,1.0010055077027813,0.0005
10022.650000014502,1.000659761829076,0.0005
10022.651388903392,1.0005959963151732,0.0005
10022.652777792282,0.9995842569673256,0.0005
10022.654166681172,1.0001458105984233,0.0005
10022.655555570062,0.999908559080064,0.0005
10022.656944458951,1.000096686365852,0.0005
10022.658333347841,0.9996551118362548,0.0005
10022.65972223673,0.9983441437775882,0.0005
10022.66111112562,0.9968303433421513,0.0005
10022.66250001451,0.995267477281779,0.0005
10022.6638889034,0.9924803580572205,0.0005
10022.66527779229,0.9914669064088526,0.0005
10022.66666668118,0.9900811675781973,0.0005
10022.66805557007,0.9892551497257978,0.0005
10022.66944445896,0.9895369019586002,0.0005
10022.67083334785,0.9883846838068322,0.0005
10022.672222236739,0.9884842081829582,0.0005
10022.673611125629,0.9882475461283335,0.0005
10022.675000014518,0.9882836991699957,0.0005
10022.676388903408,0.9885822847091629,0.0005
10022.677777792298,0.9874173940600383,0.0005
10022.679166681188,0.9881617193891136,0.0005
10022.680555570078,0.9873826227957285,0.0005
10022.681944458967,0.9869628262429392,0.0005
10022.683333347857,0.9872965676089761,0.0005
10022.684722236747,0.9875746388377475,0.0005
10022.686111125637,0.9871364283846158,0.0005
10022.687500014526,0.9868101413905469,0.0005
10022.688888903416,0.9869659262293923,0.0005
10022.690277792306,0.986620426322134,0.0005
10022.691666681196,0.9870350053675716,0.0005
10022.693055570086,0.9861503762249524,0.0005
10022.694444458975,0.9868229394124999,0.0005
10022.695833347865,0.9862445849044592,0.0005
10022.697222236755,0.9868973137484514,0.0005
10022.698611125645,0.9867407141735828,0.0005
10022.700000014534,0.9865650861413552,0.0005
10022.701388903424,0.9862726348403525,0.0005
10022.702777792314,0.9871698493241234,0.0005
10022.704166681204,0.9881858823878624,0.0005
10022.705555570094,0.9865753349565316,0.0005
10022.706944458983,0.9870750476333319,0.0005
10022.708333347873,0.9870575069088746,0.0005
10022.709722236763,0.9869045291515604,0.0005
10022.711111125653,0.987260907521574,0.0005
10022.712500014542,0.9871577086869746,0.0005
10022.713888903432,0.9877085099152368,0.0005
10022.715277792322,0.9881028622559312,0.0005
10022.716666681212,0.9864807118769973,0.0005
10022.718055570102,0.9871874907472026,0.0005
10022.719444458991,0.98781452365772,0.0005
10022.720833347881,0.9880214618704426,0.0005
10022.72222223677,0.9880386285623148,0.0005
10022.72361112566,0.9883115961096682,0.0005
10022.72500001455,0.9885009733845627,0.0005
10022.72638890344,0.9869276806100586,0.0005
10022.72777779233,0.9880494133374891,0.0005
10022.72916668122,0.9892415230237854,0.0005
10022.73055557011,0.9898893790461931,0.0005
10022.731944459,0.9904159885312676,0.0005
10022.73333334789,0.9906807847653987,0.0005
10022.734722236779,0.9913559271914771,0.0005
10022.736111125669,0.9932773042422544,0.0005
10022.737500014558,0.9948799791810049,0.0005
10022.738888903448,0.9970389173162769,0.0005
10022.740277792338,0.9980664452730412,0.0005
10022.741666681228,1.0003671929823001,0.0005
10022.743055570118,0.9997396035846184,0.0005
10022.744444459007,0.9996308183233297,0.0005
10022.745833347897,0.9995131609869948,0.0005
10022.747222236787,1.0002323111283504,0.0005
10022.748611125677,1.0000807685917625,0.0005
10022.750000014566,1.000036110771168,0.0005
10022.751388903456,1.000693260606046,0.0005
10022.752777792346,0.9995502079753459,0.0005
10022.754166681236,1.0006440371577003,0.0005
10022.755555570126,0.9999475541430844,0.0005
10022.756944459015,1.0002684673110038,0.0005
10022.758333347905,1.0000995817976264,0.0005
10022.759722236795,0.9995078500122768,0.0005
10022.761111125685,0.9998363637300622,0.0005
10022.762500014574,0.9993338441780396,0.0005
10022.763888903464,1.0001947706363294,0.0005
10022.765277792354,0.9988225869904477,0.0005
10022.766666681244,1.000329452079224,0.0005
10022.768055570134,1.0002570480051527,0.0005
10022.769444459023,1.0000946187738438,0.0005
10022.770833347913,0.9994085205772286,0.0005
10022.772222236803,1.000538118431254,0.0005
10022.773611125693,1.0004724912292844,0.0005
10022.775000014582,0.9999110879697114,0.0005
10022.776388903472,1.0002880263492797,0.0005
10022.777777792362,1.0000348891455186,0.0005
10022.779166681252,1.00072341268149,0.0005
10022.780555570142,0.9998684060127051,0.0005
10022.781944459031,1.0008331436183089,0.0005
10022.783333347921,1.0002187658111725,0.0005
10022.784722236811,1.0000976371931614,0.0005
10022.7861111257,1.0003941613087075,0.0005
10022.78750001459,0.999110114101925,0.0005
10022.78888890348,0.9997006168231898,0.0005
10022.79027779237,1.0003006958991074,0.0005
10022.79166668126,0.9999115387202476,0.0005
10022.79305557015,0.9995023801136521,0.0005
10022.79444445904,1.000574543839468,0.0005
10022.79583334793,1.0002603187766543,0.0005
10022.797222236819,0.9998345849843405,0.0005
10022.798611125709,0.9984865522956502,0.0005
10022.800000014598,1.0006186008910656,0.0005
10022.801388903488,1.0004633974614343,0.0005
10022.802777792378,0.9999309673005509,0.0005
10022.804166681268,1.0001068206470272,0.0005
10022.805555570158,0.9998966638024318,0.0005
10022.806944459047,0.9996506436542167,0.0005
10022.808333347937,0.9999148938137925,0.0005
10022.809722236827,1.0009375520229344,0.0005
10022.811111125717,1.0004719258322026,0.0005
10022.812500014606,1.0003911967512717,0.0005
10022.813888903496,0.999608553780891,0.0005
10022.815277792386,0.9995217273499789,0.0005
10022.816666681276,0.9999698950766623,0.0005
10022.818055570166,0.9999363580079947,0.0005
10022.819444459055,0.9999682605046785,0.0005
10022.820833347945,0.9994138793623275,0.0005
10022.822222236835,0.9989847024858951,0.0005
10022.823611125725,1.0001155473125887,0.0005
10022.825000014614,1.0010164467370932,0.0005
10022.826388903504,1.000677535662057,0.0005
10022.827777792394,0.9992848893508596,0.0005
10022.829166681284,1.0007727848284806,0.0005
10022.830555570174,1.000889038321958,0.0005
10022.831944459063,0.9993598302059767,0.0005
10022.833333347953,1.0004597413227518,0.0005
10022.834722236843,0.9997916985033243,0.0005
10022.836111125733,1.0005625156423212,0.0005
10022.837500014622,1.0008230686407495,0.0005
10022.838888903512,1.0002047885946475,0.0005
10022.840277792402,0.9996682795760277,0.0005
10022.841666681292,0.9992657046395786,0.0005
10022.843055570182,0.9998701983606912,0.0005
10022.844444459071,0.9992138876136359,0.0005
10022.845833347961,1.0010644982770365,0.0005
10022.847222236851,1.0003940974803571,0.0005
10022.84861112574,0.9996120766718912,0.0005
10022.85000001463,0.9997257288171228,0.0005
10022.85138890352,1.0005849742728934,0.0005
10022.85277779241,0.9999162038664728,0.0005
10022.8541666813,0.9993263585305339,0.0005
10022.85555557019,0.9996903015047841,0.0005
10022.85694445908,1.0003440858732253,0.0005
10022.85833334797,0.9999647822507571,0.0005
10022.859722236859,0.9993309853901199,0.0005
10022.861111125749,0.9994291855975383,0.0005
10022.862500014638,1.0000837256070572,0.0005
10022.863888903528,1.0001763115481237,0.0005
10022.865277792418,0.999641862568555,0.0005
10022.866666681308,0.9995076352038023,0.0005
10022.868055570198,1.0002911369408491,0.0005
10022.869444459087,0.9997816118852306,0.0005
10025.630555571966,1.0000216775332738,0.0005
10025.631944460856,0.9993921325606914,0.0005
10025.633333349746,0.9998233417428903,0.0005
10025.634722238636,0.9988466188057725,0.0005
10025.636111127526,0.9996179179288393,0.0005
10025.637500016415,1.0000505853505992,0.0005
10025.638888905305,1.0005650137345363,0.0005
10025.640277794195,1.0005952441389692,0.0005
10025.641666683085,1.0004547204295413,0.0005
10025.643055571974,0.9993970960647606,0.0005
10025.644444460864,1.0005271032488408,0.0005
10025.645833349754,1.0005588239662966,0.0005
10025.647222238644,0.9994366267935391,0.0005
10025.648611127534,0.9996868733755576,0.0005
10025.650000016423,1.000290388233138,0.0005
10025.651388905313,0.998127369782479,0.0005
10025.652777794203,0.9995834886936827,0.0005
10025.654166683093,0.9996487524760367,0.0005
10025.655555571982,1.0005473001696228,0.0005
10025.656944460872,1.000457060648164,0.0005
10025.658333349762,0.9995077020779515,0.0005
10025.659722238652,1.0006187795621921,0.0005
10025.661111127542,0.9999706875223644,0.0005
10025.662500016431,1.0004115870484018,0.0005
10025.663888905321,1.0010107547434504,0.0005
10025.66527779421,0.9999772181882111,0.0005
10025.6666666831,0.9995969506023035,0.0005
10025.66805557199,0.9994816765065787,0.0005
10025.66944446088,0.999732151150273,0.0005
10025.67083334977,1.0002815569753163,0.0005
10025.67222223866,0.9998444911613557,0.0005
10025.67361112755,1.0006350345190653,0.0005
10025.67500001644,0.9999869922263769,0.0005
10025.676388905329,0.9999881748572406,0.0005
10025.677777794219,1.0006871240409339,0.0005
10025.679166683109,1.0005691834477837,0.0005
10025.680555571998,1.0000354275238545,0.0005
10025.681944460888,1.000385702402394,0.0005
10025.683333349778,1.0009297329016245,0.0005
10025.684722238668,1.000335693137558,0.0005
10025.686111127558,0.9991244379224301,0.0005
10025.687500016447,1.0003309046010174,0.0005
10025.688888905337,0.9995655691999552,0.0005
10025.690277794227,0.9998288849141841,0.0005
10025.691666683117,0.9994942624097622,0.0005
10025.693055572006,1.0003965412693476,0.0005
10025.694444460896,0.9995822585202265,0.0005
10025.695833349786,0.9998434180291327,0.0005
10025.697222238676,0.9995352533064977,0.0005
10025.698611127566,0.9997358944855644,0.0005
10025.700000016455,0.9997309615439006,0.0005
10025.701388905345,1.0004135683047644,0.0005
10025.702777794235,0.9995031609333523,0.0005
10025.704166683125,0.9990123475287718,0.0005
10025.705555572014,0.9995621997883033,0.0005
10025.706944460904,1.0002425884784898,0.0005
10025.708333349794,0.9999747080792567,0.0005
10025.709722238684,0.9995266911188089,0.0005
10025.711111127574,1.0010438619028252,0.0005
10025.712500016463,0.999960425704668,0.0005
10025.713888905353,0.9998833707668083,0.0005
10025.715277794243,0.9998226897201941,0.0005
10025.716666683133,0.9996802235298348,0.0005
10025.718055572022,1.0002715876689605,0.0005
10025.719444460912,1.0003078965771242,0.0005
10025.720833349802,0.9995306452925972,0.0005
10025.722222238692,0.9998387205199845,0.0005
10025.723611127582,0.9995214715646266,0.0005
10025.725000016471,0.9998628663302777,0.0005
10025.726388905361,1.0011687383238181,0.0005
10025.72777779425,1.000181619072384,0.0005
10025.72916668314,0.9996644867016596,0.0005
10025.73055557203,0.9996078797277952,0.0005
10025.73194446092,1.0000246825323265,0.0005
10025.73333334981,1.0006245886081624,0.0005
10025.7347222387,1.000250298555924,0.0005
10025.73611112759,0.9999365807432118,0.0005
10025.73750001648,0.9996443110852161,0.0005
10025.73888890537,1.0001321323759218,0.0005
10025.740277794259,1.0008062396829887,0.0005
10025.741666683149,0.9999364318187649,0.0005
10025.743055572038,1.0000414789554888,0.0005
10025.744444460928,1.0003843445978662,0.0005
10025.745833349818,0.9998849391724925,0.0005
10025.747222238708,0.9999065214307667,0.0005
10025.748611127598,1.0006320551806385,0.0005
10025.750000016487,1.0005970965741375,0.0005
10025.751388905377,0.9999428845067652,0.0005
10025.752777794267,0.9995526962507203,0.0005
10025.754166683157,1.0004358843618435,0.0005
10025.755555572046,1.0001633843059603,0.0005
10025.756944460936,1.0000716302998665,0.0005
10025.758333349826,0.9995215919409601,0.0005
10025.759722238716,0.998101363742119,0.0005
10025.761111127606,0.9971783229410811,0.0005
10025.762500016495,0.99433575678138,0.0005
10025.763888905385,0.9932392664137935,0.0005
10025.765277794275,0.9909465921016061,0.0005
10025.766666683165,0.9898306250100488,0.0005
10025.768055572054,0.9893271388486427,0.0005
10025.769444460944,0.9895299103167984,0.0005
10025.770833349834,0.9880548070541094,0.0005
10025.772222238724,0.9888768887989907,0.0005
10025.773611127614,0.9889250161996382,0.0005
10025.775000016503,0.9887100429581882,0.0005
10025.776388905393,0.9879041695003248,0.0005
10025.777777794283,0.9877278036409636,0.0005
10025.779166683173,0.9868521832452075,0.0005
10025.780555572062,0.9872034605574987,0.0005
10025.781944460952,0.9862223327887246,0.0005
10025.783333349842,0.9883873588934153,0.0005
10025.784722238732,0.986842591695124,0.0005
10025.786111127622,0.9855001327849162,0.0005
10025.787500016511,0.9865992137840724,0.0005
10025.788888905401,0.9867938167493358,0.0005
10025.79027779429,0.9868280243913023,0.0005
10025.79166668318,0.9868810880489264,0.0005
10025.79305557207,0.9864641728040509,0.0005
10025.79444446096,0.9868050473148988,0.0005
10025.79583334985,0.9871699272303142,0.0005
10025.79722223874,0.9871317053313824,0.0005
10025.79861112763,0.9860734201224224,0.0005
10025.80000001652,0.9866426798496628,0.0005
10025.80138890541,0.9869263794685328,0.0005
10025.802777794299,0.9869041082359541,0.0005
10025.804166683189,0.9863030223634514,0.0005
10025.805555572078,0.9868508923527548,0.0005
10025.806944460968,0.9870293388179859,0.0005
10025.808333349858,0.9871322034098046,0.0005
10025.809722238748,0.9870655170466511,0.0005
10025.811111127638,0.9868765580301662,0.0005
10025.812500016527,0.9864650858948439,0.0005
10025.813888905417,0.9875064933008523,0.0005
10025.815277794307,0.9874020081144551,0.0005
10025.816666683197,0.9871954385300942,0.0005
10025.818055572086,0.9874465061632407,0.0005
10025.819444460976,0.9880188593291779,0.0005
10025.820833349866,0.9871368302410773,0.0005
10025.822222238756,0.9876399279868631,0.0005
10025.823611127646,0.9873367334172547,0.0005
10025.825000016535,0.9888386620900341,0.0005
10025.826388905425,0.9871196816839537,0.0005
10025.827777794315,0.988527139380859,0.0005
10025.829166683205,0.9894840077187654,0.0005
10025.830555572094,0.9888550878640696,0.0005
10025.831944460984,0.9895598081848836,0.0005
10025.833333349874,0.9892916962950487,0.0005
10025.834722238764,0.9923209045342252,0.0005
10025.836111127654,0.9931398813508628,0.0005
10025.837500016543,0.995684673782614,0.0005
10025.838888905433,0.9963960214095456,0.0005
10025.840277794323,0.9982160778777011,0.0005
10025.841666683213,0.9993806768370097,0.0005
10025.843055572102,0.9999599779231979,0.0005
10025.844444460992,0.9997543304905427,0.0005
10025.845833349882,1.0006487076510255,0.0005
10025.847222238772,1.0000760171463885,0.0005
10025.848611127662,0.9994772058318848,0.0005
10025.850000016551,1.0010633926026204,0.0005
10025.851388905441,0.9999290127085324,0.0005
10025.85277779433,1.0003249031817179,0.0005
10025.85416668322,1.000067301789951,0.0005
10025.85555557211,0.999948819244041,0.0005
10025.856944461,1.0012860287371423,0.0005
10025.85833334989,1.0007818674576325,0.0005
10025.85972223878,0.9992212537853419,0.0005
10025.86111112767,0.999204140656256,0.0005
10025.86250001656,0.9999602650190145,0.0005
10025.86388890545,1.0007336511401632,0.0005
10025.865277794339,0.9997834381556681,0.0005
10025.866666683229,1.0000001355326327,0.0005
10025.868055572118,0.9994721139619335,0.0005
10025.869444461008,0.9995454247977127,0.0005
10025.870833349898,0.9998045802451045,0.0005
10025.872222238788,1.0002382908003282,0.0005
10025.873611127678,0.9996883764315206,0.0005
10025.875000016567,1.000174095600935,0.0005
10025.876388905457,1.000211642163787,0.0005
10025.877777794347,1.0006696535784256,0.0005
10025.879166683237,1.000337361911871,0.0005
10025.880555572126,1.0003081138500813,0.0005
10025.881944461016,0.9998915636161855,0.0005
10025.883333349906,1.0004869827238765,0.0005
10025.884722238796,1.0001262004805298,0.0005
10025.886111127686,0.9998987043865156,0.0005
10025.887500016575,1.0007894792432945,0.0005
10025.888888905465,0.9994339682132981,0.0005
10025.890277794355,0.9999120507864834,0.0005
10025.891666683245,0.9996668249810655,0.0005
10025.893055572134,1.0005613285125206,0.0005
10025.894444461024,1.0000220732125833,0.0005
10025.895833349914,0.9995944596436704,0.0005
10025.897222238804,0.9999971650809674,0.0005
10025.898611127694,1.000427204373651,0.0005
10025.900000016583,1.0002120635992298,0.0005
10025.901388905473,1.0000115807927035,0.0005
10025.902777794363,0.9998105926322192,0.0005
10025.904166683253,0.9997203078330615,0.0005
10025.905555572142,1.0001598614507314,0.0005
10025.906944461032,1.0004227049946672,0.0005
10025.908333349922,1.0001000996034306,0.0005
10025.909722238812,1.0003988396023797,0.0005
10025.911111127702,0.9997894705182302,0.0005
10025.912500016591,0.9998064516230043,0.0005
10025.913888905481,1.0001787365045223,0.0005
10025.915277794371,1.0000371073047356,0.0005
10025.91666668326,1.0004570869351235,0.0005
10025.91805557215,1.0000533842119197,0.0005
10025.91944446104,0.9987695581433391,0.0005
10025.92083334993,1.000085583787595,0.0005
10025.92222223882,0.9996792798503118,0.0005
10025.92361112771,1.0004595784279695,0.0005
10025.9250000166,1.001450565070912,0.0005
10025.92638890549,0.9996928215531132,0.0005
10025.927777794379,0.999617543342444,0.0005
10025.929166683269,1.000426805321585,0.0005
10025.930555572158,1.0007261846750224,0.0005
10025.931944461048,1.0007238851908984,0.0005
10025.933333349938,0.999934813027884,0.0005
10025.934722238828,1.0000656622233972,0.0005
10025.936111127718,0.9997930714841278,0.0005
10025.937500016607,1.0008306854126434,0.0005
10025.938888905497,0.9995076092333229,0.0005
10025.940277794387,0.9999559649300209,0.0005
10025.941666683277,1.0000838990891352,0.0005
10025.943055572166,0.9999233347122175,0.0005
10025.944444461056,0.9997174758912714,0.0005
10025.945833349946,1.0008653558608986,0.0005
10025.947222238836,0.9999156738440895,0.0005
10025.948611127726,1.0003370245395198,0.0005
10025.950000016615,0.9990844737274115,0.0005
10025.951388905505,1.000702931345048,0.0005
10025.952777794395,0.9999701609700201,0.0005
10025.954166683285,0.9988227099171202,0.0005
10025.955555572174,1.0002008424808424,0.0005
10025.956944461064,1.0003145390470451,0.0005
10025.958333349954,0.999726187770486,0.0005
10025.959722238844,1.0003964822394191,0.0005
10025.961111127734,1.0006299802784553,0.0005
10025.962500016623,0.9999283433606754,0.0005
10025.963888905513,1.0005101675945778,0.0005
10025.965277794403,1.0004649779014267,0.0005
10025.966666683293,1.000452657903321,0.0005
10025.968055572182,1.0003829849205756,0.0005
10025.969444461072,0.999980024881377,0.0005
10028.730555573951,1.0001586196726857,0.0005
10028.731944462841,0.9995027664207877,0.0005
10028.73333335173,0.9996133362000258,0.0005
10028.73472224062,0.9998233561258035,0.0005
10028.73611112951,1.0011397613073565,0.0005
10028.7375000184,0.9990860395133561,0.0005
10028.73888890729,0.9995333720606256,0.0005
10028.74027779618,0.9999905991340654,0.0005
10028.74166668507,0.9996171874204608,0.0005
10028.74305557396,0.9993091506570312,0.0005
10028.744444462849,0.9993187199274941,0.0005
10028.745833351739,1.0010641492434293,0.0005
10028.747222240629,1.0002995863316548,0.0005
10028.748611129518,1.0007081931678103,0.0005
10028.750000018408,1.0004497264251282,0.0005
10028.751388907298,0.9994912006706181,0.0005
10028.752777796188,1.000534640009385,0.0005
10028.754166685078,0.9996470479761354,0.0005
10028.755555573967,1.00099604171451,0.0005
10028.756944462857,1.0002641759537183,0.0005
10028.758333351747,1.000041079044079,0.0005
10028.759722240637,1.0002217406694154,0.0005
10028.761111129526,0.9998443088113924,0.0005
10028.762500018416,0.999151296905795,0.0005
10028.763888907306,1.0004065069031967,0.0005
10028.765277796196,1.000627432981063,0.0005
10028.766666685086,1.0005668549876185,0.0005
10028.768055573975,1.0004446640099238,0.0005
10028.769444462865,1.000247631574259,0.0005
10028.770833351755,0.9994367398421857,0.0005
10028.772222240645,1.0000175671145546,0.0005
10028.773611129534,0.9996324385270084,0.0005
10028.775000018424,0.9998991287344163,0.0005
10028.776388907314,1.000013838507335,0.0005
10028.777777796204,1.0001076581124695,0.0005
10028.779166685094,0.9998016214848047,0.0005
10028.780555573983,0.9991747425189433,0.0005
10028.781944462873,1.0001266023533042,0.0005
10028.783333351763,0.9999129650226639,0.0005
10028.784722240653,1.0006259755520548,0.0005
10028.786111129542,0.9997495214826226,0.0005
10028.787500018432,1.0001122577956512,0.0005
10028.788888907322,1.0008466646149643,0.0005
10028.790277796212,1.0001413246117237,0.0005
10028.791666685102,1.000026044056409,0.0005
10028.793055573991,1.0002858399654169,0.0005
10028.794444462881,1.0001461478431384,0.0005
10028.79583335177,0.9998329369071964,0.0005
10028.79722224066,0.9999983293514569,0.0005
10028.79861112955,0.9996660997404087,0.0005
10028.80000001844,1.000077717817445,0.0005
10028.80138890733,1.0003473445285571,0.0005
10028.80277779622,1.000432887953155,0.0005
10028.80416668511,1.0001979001058834,0.0005
10028.805555574,0.9993331524197723,0.0005
10028.806944462889,0.9999540168666743,0.0005
10028.808333351779,1.000063764425815,0.0005
10028.809722240669,1.0007087891198811,0.0005
10028.811111129558,1.000086276455303,0.0005
10028.812500018448,1.000005291680781,0.0005
10028.813888907338,0.9996771591361059,0.0005
10028.815277796228,0.9996027369482694,0.0005
10028.816666685118,0.9998953989713801,0.0005
10028.818055574007,0.9995748688468709,0.0005
10028.819444462897,0.9990565652537428,0.0005
10028.820833351787,0.9993796282519027,0.0005
10028.822222240677,1.000424409781447,0.0005
10028.823611129566,1.0008078906145246,0.0005
10028.825000018456,0.9997695547676279,0.0005
10028.826388907346,0.999912270317351,0.0005
10028.827777796236,0.9989978057827681,0.0005
10028.829166685126,0.9994596534881397,0.0005
10028.830555574015,1.0009087566385046,0.0005
10028.831944462905,1.000039848431554,0.0005
10028.833333351795,1.000305660262552,0.0005
10028.834722240685,1.001296141240135,0.0005
10028.836111129574,0.9994935449477983,0.0005
10028.837500018464,1.0007859860228494,0.0005
10028.838888907354,1.0008945226448935,0.0005
10028.840277796244,1.0007891034695964,0.0005
10028.841666685134,1.0002143317932228,0.0005
10028.843055574023,0.9999241151802087,0.0005
10028.844444462913,0.9999649505431761,0.0005
10028.845833351803,1.0007948427223885,0.0005
10028.847222240693,1.0008114105435293,0.0005
10028.848611129582,0.9999804968249126,0.0005
10028.850000018472,1.000170926678404,0.0005
10028.851388907362,1.0008278817300706,0.0005
10028.852777796252,0.9996185929407941,0.0005
10028.854166685142,1.0003784140700336,0.0005
10028.855555574031,1.0001419997737566,0.0005
10028.856944462921,1.000522315275111,0.0005
10028.85833335181,1.000460723175152,0.0005
10028.8597222407,0.998495840836741,0.0005
10028.86111112959,0.9979789592513153,0.0005
10028.86250001848,0.9952592673160989,0.0005
10028.86388890737,0.9926703771214188,0.0005
10028.86527779626,0.9923635450012278,0.0005
10028.86666668515,0.9900967944996999,0.0005
10028.86805557404,0.9894885652702523,0.0005
10028.86944446293,0.9899270331198021,0.0005
10028.870833351819,0.9897924851929805,0.0005
10028.872222240709,0.9879487230132435,0.0005
10028.873611129598,0.9886196179885333,0.0005
10028.875000018488,0.9880519702656986,0.0005
10028.876388907378,0.9888868970485668,0.0005
10028.877777796268,0.9857902625937541,0.0005
10028.879166685158,0.9875940173486097,0.0005
10028.880555574047,0.9876651935111879,0.0005
10028.881944462937,0.9871972337376247,0.0005
10028.883333351827,0.9871229750715887,0.0005
10028.884722240717,0.9868452262600848,0.0005
10028.886111129606,0.9868448465763605,0.0005
10028.887500018496,0.9871441664579547,0.0005
10028.888888907386,0.9862427333678511,0.0005
10028.890277796276,0.9871649882757282,0.0005
10028.891666685166,0.9869491824222772,0.0005
10028.893055574055,0.988675499028905,0.0005
10028.894444462945,0.9862512690262595,0.0005
10028.895833351835,0.9863909100965167,0.0005
10028.897222240725,0.9863624407173565,0.0005
10028.898611129614,0.9861871582285089,0.0005
10028.900000018504,0.987180227062461,0.0005
10028.901388907394,0.9876284782954559,0.0005
10028.902777796284,0.9861012512660197,0.0005
10028.904166685174,0.9860054532955599,0.0005
10028.905555574063,0.9861312353743114,0.0005
10028.906944462953,0.9866985586964503,0.0005
10028.908333351843,0.9870830783957987,0.0005
10028.909722240733,0.9874673862148479,0.0005
10028.911111129622,0.9866254785090649,0.0005
10028.912500018512,0.9872667785336049,0.0005
10028.913888907402,0.986267074157456,0.0005
10028.915277796292,0.9871680557431136,0.0005
10028.916666685182,0.9880269360606097,0.0005
10028.918055574071,0.9875065397486751,0.0005
10028.919444462961,0.9877655831563548,0.0005
10028.92083335185,0.9879290397585455,0.0005
10028.92222224074,0.9869742763542395,0.0005
10028.92361112963,0.9882977350695055,0.0005
10028.92500001852,0.9882242480404085,0.0005
10028.92638890741,0.9878692779662088,0.0005
10028.9277777963,0.9894636566821524,0.0005
10028.92916668519,0.9893049511009918,0.0005
10028.93055557408,0.9884074345259329,0.0005
10028.93194446297,0.9894767448923465,0.0005
10028.933333351859,0.9898342885431579,0.0005
10028.934722240749,0.9911608528847656,0.0005
10028.936111129638,0.9926957908947346,0.0005
10028.937500018528,0.9948654340517467,0.0005
10028.938888907418,0.9972222776244817,0.0005
10028.940277796308,0.9989301372739915,0.0005
10028.941666685198,0.9994535835169862,0.0005
10028.943055574087,1.0002472706398178,0.0005
10028.944444462977,1.0002399052447146,0.0005
10028.945833351867,1.000006428854188,0.0005
10028.947222240757,1.000183988479844,0.0005
10028.948611129646,1.0003324515552074,0.0005
10028.950000018536,0.9996565122479045,0.0005
10028.951388907426,0.9996399971542342,0.0005
10028.952777796316,1.000501812976949,0.0005
10028.954166685206,1.0005863408573274,0.0005
10028.955555574095,1.0003018557386865,0.0005
10028.956944462985,0.9996376625153944,0.0005
10028.958333351875,1.0005997672045672,0.0005
10028.959722240765,1.0000615564121118,0.0005
10028.961111129654,0.9999794846932255,0.0005
10028.962500018544,1.0003392498455204,0.0005
10028.963888907434,0.9994893596778401,0.0005
10028.965277796324,1.0004625716837017,0.0005
10028.966666685214,1.0002233246709298,0.0005
10028.968055574103,0.9999298245978538,0.0005
10028.969444462993,1.0001933605640163,0.0005
10028.970833351883,0.9999505169475136,0.0005
10028.972222240773,0.9996751441373768,0.0005
10028.973611129662,1.0006311839117574,0.0005
10028.975000018552,1.0000008579716346,0.0005
10028.976388907442,0.9996997155973169,0.0005
10028.977777796332,0.9997740641175279,0.0005
10028.979166685222,1.0006838364326822,0.0005
10028.980555574111,1.0007860669998998,0.0005
10028.981944463001,1.0004754335621098,0.0005
10028.98333335189,0.9990431276757552,0.0005
10028.98472224078,0.9997759829772082,0.0005
10028.98611112967,1.0001235988743578,0.0005
10028.98750001856,1.0007709038992827,0.0005
10028.98888890745,0.9993986887302075,0.0005
10028.99027779634,1.0007064696321624,0.0005
10028.99166668523,0.9992278764713406,0.0005
10028.99305557412,1.000358820136784,0.0005
10028.99444446301,1.0007524961690197,0.0005
10028.995833351899,0.999852736578133,0.0005
10028.997222240789,1.0003508055836141,0.0005
10028.998611129678,0.9994800039639613,0.0005
10029.000000018568,0.999799445318491,0.0005
10029.001388907458,0.999281422013016,0.0005
10029.002777796348,0.9998218226774414,0.0005
10029.004166685238,1.0004766603659787,0.0005
10029.005555574127,0.9997943992705827,0.0005
10029.006944463017,0.9994853553736851,0.0005
10029.008333351907,1.0010456228350673,0.0005
10029.009722240797,0.9999219481435211,0.0005
10029.011111129686,0.9994674943753351,0.0005
10029.012500018576,1.0008175929945349,0.0005
10029.013888907466,1.000197951833857,0.0005
10029.015277796356,1.000412888263647,0.0005
10029.016666685246,0.9992658599999807,0.0005
10029.018055574135,1.0004750877885553,0.0005
10029.019444463025,0.9996589310419061,0.0005
10029.020833351915,1.0004410784946984,0.0005
10029.022222240805,1.0002577420321885,0.0005
10029.023611129694,1.0008555028523969,0.0005
10029.025000018584,1.0004594227591572,0.0005
10029.026388907474,1.0009001058960296,0.0005
10029.027777796364,1.0001089026845549,0.0005
10029.029166685254,0.9999334244941842,0.0005
10029.030555574143,1.0000953073687917,0.0005
10029.031944463033,1.0009859147610398,0.0005
10029.033333351923,0.9995723192679242,0.0005
10029.034722240813,1.0005619546280093,0.0005
10029.036111129702,0.9997503040616723,0.0005
10029.037500018592,1.0001395245420315,0.0005
10029.038888907482,1.0003834219593153,0.0005
10029.040277796372,0.9998061833529056,0.0005
10029.041666685262,0.999899867962644,0.0005
10029.043055574151,0.9993535395850334,0.0005
10029.044444463041,1.0005472594846208,0.0005
10029.045833351931,0.9992271394156513,0.0005
10029.04722224082,1.0008540553347038,0.0005
10029.04861112971,0.9998941435160646,0.0005
10029.0500000186,1.0007449918503293,0.0005
10029.05138890749,0.999679464899346,0.0005
10029.05277779638,0.9997963056935126,0.0005
10029.05416668527,1.0006868732016247,0.0005
10029.05555557416,1.001081550455148,0.0005
10029.05694446305,1.0001683022326768,0.0005
10029.058333351939,1.0002743952347855,0.0005
10029.059722240829,0.9996444622989135,0.0005
10029.061111129718,0.9994251453271585,0.0005
10029.062500018608,0.999434400361426,0.0005
10029.063888907498,0.9998813149689002,0.0005
10029.065277796388,1.0006318617259449,0.0005
10029.066666685278,0.9993508411861961,0.0005
10029.068055574167,0.9991805334400002,0.0005
10029.069444463057,1.0003889216932347,0.0005
10031.830555575936,0.9999202528671689,0.0005
10031.831944464826,1.000693711945738,0.0005
10031.833333353716,0.9995273252047941,0.0005
10031.834722242605,0.9997820861988729,0.0005
10031.836111131495,1.0007194231540097,0.0005
10031.837500020385,0.9993125176321712,0.0005
10031.838888909275,1.0001290591012197,0.0005
10031.840277798165,0.999616350821611,0.0005
10031.841666687054,1.000499311680372,0.0005
10031.843055575944,0.9997212723210366,0.0005
10031.844444464834,1.0000177709597773,0.0005
10031.845833353724,1.000397226338039,0.0005
10031.847222242613,0.9999535312812489,0.0005
10031.848611131503,0.9996590840753083,0.0005
10031.850000020393,1.0004169137231396,0.0005
10031.851388909283,1.0009141239015724,0.0005
10031.852777798173,1.0004369109231217,0.0005
10031.854166687062,0.9991966484470646,0.0005
10031.855555575952,1.000630694695228,0.0005
10031.856944464842,1.000093734077873,0.0005
10031.858333353732,0.9994466656990215,0.0005
10031.859722242622,1.0002156245030251,0.0005
10031.861111131511,0.9997750210178384,0.0005
10031.862500020401,1.00012274250626,0.0005
10031.86388890929,1.0000525724580749,0.0005
10031.86527779818,0.9996638887202484,0.0005
10031.86666668707,0.9999107416664643,0.0005
10031.86805557596,1.0001333263028935,0.0005
10031.86944446485,1.000767416577818,0.0005
10031.87083335374,1.0005476593590248,0.0005
10031.87222224263,1.000003111123711,0.0005
10031.87361113152,1.0000248839894172,0.0005
10031.875000020409,1.000055593683807,0.0005
10031.876388909299,1.0003794590279929,0.0005
10031.877777798189,0.9988946264676639,0.0005
10031.879166687078,1.000863138787446,0.0005
10031.880555575968,0.9998345352951528,0.0005
10031.881944464858,1.000362139454394,0.0005
10031.883333353748,0.9999425094005433,0.0005
10031.884722242638,1.0005577286836922,0.0005
10031.886111131527,1.0014867358374715,0.0005
10031.887500020417,0.9989323849260551,0.0005
10031.888888909307,0.9996751763978261,0.0005
10031.890277798197,1.0001151544509068,0.0005
10031.891666687086,0.9999278020380278,0.0005
10031.893055575976,0.9994445211610308,0.0005
10031.894444464866,0.9996540836034044,0.0005
10031.895833353756,1.0002640109840883,0.0005
10031.897222242646,0.999333492677813,0.0005
10031.898611131535,0.9985710661878929,0.0005
10031.900000020425,0.9996453075178939,0.0005
10031.901388909315,0.9996625979863536,0.0005
10031.902777798205,1.0001248940655838,0.0005
10031.904166687094,0.9990644053182157,0.0005
10031.905555575984,1.0003039448998174,0.0005
10031.906944464874,1.0000485427651709,0.0005
10031.908333353764,1.0006820460921506,0.0005
10031.909722242654,1.0000359885536843,0.0005
10031.911111131543,0.9985943944162805,0.0005
10031.912500020433,0.9995590116416477,0.0005
10031.913888909323,1.0002593498437697,0.0005
10031.915277798213,0.9995573328471774,0.0005
10031.916666687102,1.0003531965689683,0.0005
10031.918055575992,1.0000451949682791,0.0005
10031.919444464882,1.0000311007150655,0.0005
10031.920833353772,1.0001790160852733,0.0005
10031.922222242662,0.9997439202976174,0.0005
10031.923611131551,1.0002550992881385,0.0005
10031.925000020441,0.998217467916099,0.0005
10031.92638890933,1.0001768139743292,0.0005
10031.92777779822,1.0003227331311617,0.0005
10031.92916668711,0.9998183920211595,0.0005
10031.930555576,1.0007287150421234,0.0005
10031.93194446489,1.0004136264322887,0.0005
10031.93333335378,0.9997145511714043,0.0005
10031.93472224267,1.0002622774343053,0.0005
10031.93611113156,0.9998573445491422,0.0005
10031.937500020449,1.0003540659087649,0.0005
10031.938888909339,0.9994407257253689,0.0005
10031.940277798229,0.9996912056461588,0.0005
10031.941666687118,0.9995654092905581,0.0005
10031.943055576008,1.0003346957338144,0.0005
10031.944444464898,0.9996846038355085,0.0005
10031.945833353788,0.9991455912123238,0.0005
10031.947222242678,0.9994722766034406,0.0005
10031.948611131567,0.9993698981219149,0.0005
10031.950000020457,1.0000011050518245,0.0005
10031.951388909347,0.9999888830396603,0.0005
10031.952777798237,0.9998457511475377,0.0005
10031.954166687126,1.0001534973486532,0.0005
10031.955555576016,1.0003958875950691,0.0005
10031.956944464906,0.99980451192632,0.0005
10031.958333353796,0.9995232641303793,0.0005
10031.959722242686,0.9970223947218603,0.0005
10031.961111131575,0.9962652108060419,0.0005
10031.962500020465,0.9950489718117017,0.0005
10031.963888909355,0.9930734013861892,0.0005
10031.965277798245,0.9919161496174833,0.0005
10031.966666687134,0.9893993149182188,0.0005
10031.968055576024,0.989700594517184,0.0005
10031.969444464914,0.9889446231139335,0.0005
10031.970833353804,0.9898253885303712,0.0005
10031.972222242694,0.9885517741732897,0.0005
10031.973611131583,0.9884765809372488,0.0005
10031.975000020473,0.989209036114882,0.0005
10031.976388909363,0.9885082977312314,0.0005
10031.977777798253,0.9874509548266839,0.0005
10031.979166687142,0.9876060294120942,0.0005
10031.980555576032,0.9874782804176068,0.0005
10031.981944464922,0.9869903892992153,0.0005
10031.983333353812,0.9876816186850069,0.0005
10031.984722242702,0.9867825087743555,0.0005
10031.986111131591,0.987574151993651,0.0005
10031.987500020481,0.9862596743011293,0.0005
10031.98888890937,0.9869358569256629,0.0005
10031.99027779826,0.9861205394960498,0.0005
10031.99166668715,0.9867034111790055,0.0005
10031.99305557604,0.9869943808810913,0.0005
10031.99444446493,0.9860285961679663,0.0005
10031.99583335382,0.9861311000184364,0.0005
10031.99722224271,0.9865763414033378,0.0005
10031.9986111316,0.9868835935579142,0.0005
10032.00000002049,0.9867505432647936,0.0005
10032.001388909379,0.9865614716544687,0.0005
10032.002777798269,0.9861810653706616,0.0005
10032.004166687158,0.9870693029864286,0.0005
10032.005555576048,0.986688183262786,0.0005
10032.006944464938,0.9872897760220194,0.0005
10032.008333353828,0.9865759308328844,0.0005
10032.009722242718,0.9871004512438033,0.0005
10032.011111131607,0.9868616165873014,0.0005
10032.012500020497,0.9871274926449863,0.0005
10032.013888909387,0.9873121537399291,0.0005
10032.015277798277,0.9869493094994403,0.0005
10032.016666687166,0.9868688191643501,0.0005
10032.018055576056,0.9862012218260297,0.0005
10032.019444464946,0.9876549608526399,0.0005
10032.020833353836,0.9874686722113348,0.0005
10032.022222242726,0.9872900487731625,0.0005
10032.023611131615,0.9882311690484087,0.0005
10032.025000020505,0.9878658808045114,0.0005
10032.026388909395,0.9882647025639344,0.0005
10032.027777798285,0.9896349439059715,0.0005
10032.029166687174,0.988388503321111,0.0005
10032.030555576064,0.9891030219380677,0.0005
10032.031944464954,0.9895845250079304,0.0005
10032.033333353844,0.990325817979719,0.0005
10032.034722242734,0.9915318948114022,0.0005
10032.036111131623,0.9923496092441323,0.0005
10032.037500020513,0.9951596561328001,0.0005
10032.038888909403,0.9958343793470762,0.0005
10032.040277798293,0.9981795645631272,0.0005
10032.041666687182,0.9995426757552942,0.0005
10032.043055576072,1.0000355667550636,0.0005
10032.044444464962,0.9995202340101154,0.0005
10032.045833353852,0.9999165794342182,0.0005
10032.047222242742,0.9992216159371082,0.0005
10032.048611131631,0.99985512408195,0.0005
10032.050000020521,1.0000318889402424,0.0005
10032.05138890941,0.9996589574502049,0.0005
10032.0527777983,0.9995376491733571,0.0005
10032.05416668719,0.9999635269701436,0.0005
10032.05555557608,0.9999661986806655,0.0005
10032.05694446497,0.9996222873077675,0.0005
10032.05833335386,0.9998077889203606,0.0005
10032.05972224275,0.999565604135212,0.0005
10032.06111113164,0.9993197740593818,0.0005
10032.06250002053,0.9997294976819057,0.0005
10032.063888909419,1.0001877285132819,0.0005
10032.065277798309,1.0009267467227316,0.0005
10032.066666687198,1.0004781683269037,0.0005
10032.068055576088,0.999899132199064,0.0005
10032.069444464978,1.000427676355893,0.0005
10032.070833353868,0.9999423971773508,0.0005
10032.072222242758,1.000319956711097,0.0005
10032.073611131647,1.0003753430544287,0.0005
10032.075000020537,0.9996536181234523,0.0005
10032.076388909427,1.0006098724225108,0.0005
10032.077777798317,1.0004700829963338,0.0005
10032.079166687206,1.000682830794081,0.0005
10032.080555576096,1.001165377496313,0.0005
10032.081944464986,0.999612403396549,0.0005
10032.083333353876,1.000139423083979,0.0005
10032.084722242766,1.000305574891186,0.0005
10032.086111131655,1.0005479498838654,0.0005
10032.087500020545,0.9999143183843309,0.0005
10032.088888909435,1.0004824921553013,0.0005
10032.090277798325,0.9997553116530754,0.0005
10032.091666687214,0.9991152279545753,0.0005
10032.093055576104,1.0001519179034046,0.0005
10032.094444464994,1.0012888144789303,0.0005
10032.095833353884,0.9995861602026503,0.0005
10032.097222242774,1.0004917101539383,0.0005
10032.098611131663,0.9998283156089205,0.0005
10032.100000020553,0.9996262561231873,0.0005
10032.101388909443,1.0007261011338233,0.0005
10032.102777798333,1.0000384881790805,0.0005
10032.104166687222,1.0005480518443486,0.0005
10032.105555576112,0.9999755851948342,0.0005
10032.106944465002,0.9998250460782186,0.0005
10032.108333353892,0.9993382464876588,0.0005
10032.109722242782,1.0008128301321497,0.0005
10032.111111131671,0.9998582986494269,0.0005
10032.112500020561,0.9998981095851692,0.0005
10032.11388890945,0.9997644872503155,0.0005
10032.11527779834,1.0000207255246938,0.0005
10032.11666668723,1.0006101686623743,0.0005
10032.11805557612,1.0000349416975058,0.0005
10032.11944446501,1.000007959534041,0.0005
10032.1208333539,1.000185111355131,0.0005
10032.12222224279,0.9990417641019501,0.0005
10032.12361113168,1.0000098476702086,0.0005
10032.12500002057,1.000235783621227,0.0005
10032.126388909459,0.9997005440311116,0.0005
10032.127777798349,0.9996167076410828,0.0005
10032.129166687238,0.9995208431531911,0.0005
10032.130555576128,0.99988095912198,0.0005
10032.131944465018,0.9999468446542171,0.0005
10032.133333353908,0.9982065580184605,0.0005
10032.134722242798,1.0010058972541793,0.0005
10032.136111131687,0.9998657680653785,0.0005
10032.137500020577,1.000386614779915,0.0005
10032.138888909467,0.9999219057983127,0.0005
10032.140277798357,1.0001385984280091,0.0005
10032.141666687246,0.9998426480131234,0.0005
10032.143055576136,0.999476353344514,0.0005
10032.144444465026,1.0009938855928766,0.0005
10032.145833353916,1.000573669488523,0.0005
10032.147222242806,1.0000605937834102,0.0005
10032.148611131695,0.9988656792791649,0.0005
10032.150000020585,1.0001300307822196,0.0005
10032.151388909475,1.0008652640825053,0.0005
10032.152777798365,0.999958517923955,0.0005
10032.154166687254,0.9998420129682243,0.0005
10032.155555576144,1.0004890176222727,0.0005
10032.156944465034,0.9998728093505616,0.0005
10032.158333353924,0.9997802831284495,0.0005
10032.159722242814,1.0000286456169682,0.0005
10032.161111131703,0.9999628058873792,0.0005
10032.162500020593,0.9994775282765027,0.0005
10032.163888909483,1.0006153946068714,0.0005
10032.165277798373,0.9996143274656333,0.0005
10032.166666687262,0.9998433627294242,0.0005
10032.168055576152,1.0001536649780765,0.0005
10032.169444465042,0.9994366630935401,0.0005
10034.930555577921,0.9995278421193163,0.0005
10034.93194446681,1.0004228672631037,0.0005
10034.9333333557,0.999866350945411,0.0005
10034.93472224459,0.9997781220006469,0.0005
10034.93611113348,1.0007347401902509,0.0005
10034.93750002237,0.9997961839505737,0.0005
10034.93888891126,0.999936008847449,0.0005
10034.94027780015,1.0007205444110219,0.0005
10034.94166668904,1.000249662451902,0.0005
10034.943055577929,1.0006076954578644,0.0005
10034.944444466819,0.9988719360024853,0.0005
10034.945833355709,1.0003227416593221,0.0005
10034.947222244598,1.000132077013129,0.0005
10034.948611133488,1.0001120189274626,0.0005
10034.950000022378,1.0005295629931659,0.0005
10034.951388911268,0.9995604212324071,0.0005
10034.952777800157,1.0003878804151394,0.0005
10034.954166689047,0.9991875189190756,0.0005
10034.955555577937,1.0005037935411594,0.0005
10034.956944466827,1.0005552062542904,0.0005
10034.958333355717,0.9990927206957064,0.0005
10034.959722244606,0.9997669426208825,0.0005
10034.961111133496,1.00020486660207,0.0005
10034.962500022386,1.000062412879087,0.0005
10034.963888911276,0.9992682456575537,0.0005
10034.965277800165,1.0000656681373394,0.0005
10034.966666689055,1.00005054757413,0.0005
10034.968055577945,0.9997019983255585,0.0005
10034.969444466835,1.0004378287840223,0.0005
10034.970833355725,0.9995907907654288,0.0005
10034.972222244614,1.0006619067003075,0.0005
10034.973611133504,1.0008401239274858,0.0005
10034.975000022394,0.9988937432558619,0.0005
10034.976388911284,1.0000439993819827,0.0005
10034.977777800173,1.0001256919527928,0.0005
10034.979166689063,0.9991048452790902,0.0005
10034.980555577953,1.0003588934694079,0.0005
10034.981944466843,1.0002852225301355,0.0005
10034.983333355733,1.000094824719794,0.0005
10034.984722244622,0.9997563963712783,0.0005
10034.986111133512,1.0001484412158115,0.0005
10034.987500022402,0.9998646210562774,0.0005
10034.988888911292,0.9995684605377615,0.0005
10034.990277800182,1.000263199004857,0.0005
10034.991666689071,0.9999768721339242,0.0005
10034.993055577961,0.9991577427118962,0.0005
10034.99444446685,0.9990827365397904,0.0005
10034.99583335574,0.9996263120775616,0.0005
10034.99722224463,0.9996843576088895,0.0005
10034.99861113352,0.9999856866962722,0.0005
10035.00000002241,0.9996466746936727,0.0005
10035.0013889113,1.0005439199952644,0.0005
10035.00277780019,0.9996487602716231,0.0005
10035.00416668908,0.9999236907723142,0.0005
10035.005555577969,0.999137121235562,0.0005
10035.006944466859,0.9999667069716986,0.0005
10035.008333355749,1.0004055762048958,0.0005
10035.009722244638,0.9997195707540513,0.0005
10035.011111133528,0.9991535184526594,0.0005
10035.012500022418,1.0002398217227153,0.0005
10035.013888911308,0.9992290526890782,0.0005
10035.015277800198,0.9999746998836356,0.0005
10035.016666689087,1.0000338508263955,0.0005
10035.018055577977,1.0003618137679162,0.0005
10035.019444466867,0.9993484806014312,0.0005
10035.020833355757,1.0004007959610337,0.0005
10035.022222244646,0.9994219736193255,0.0005
10035.023611133536,0.9998969378341155,0.0005
10035.025000022426,1.0000663549893003,0.0005
10035.026388911316,0.9997965315534778,0.0005
10035.027777800206,1.0013501101513471,0.0005
10035.029166689095,0.9992357329164717,0.0005
10035.030555577985,1.0004180511676712,0.0005
10035.031944466875,1.000339229668575,0.0005
10035.033333355765,0.9997080652290757,0.0005
10035.034722244654,1.0004261641351548,0.0005
10035.036111133544,0.9996777937502119,0.0005
10035.037500022434,1.000586325890302,0.0005
10035.038888911324,1.0005909916485607,0.0005
10035.040277800214,1.000580029347779,0.0005
10035.041666689103,0.9997589011281275,0.0005
10035.043055577993,1.0010271246677955,0.0005
10035.044444466883,0.999950373379681,0.0005
10035.045833355773,1.0003182962340162,0.0005
10035.047222244662,0.9992871462518134,0.0005
10035.048611133552,1.0007837781311648,0.0005
10035.050000022442,0.9994599214568989,0.0005
10035.051388911332,0.9996733369264841,0.0005
10035.052777800222,1.0002404671145755,0.0005
10035.054166689111,1.000182188190357,0.0005
10035.055555578001,1.0004570860325739,0.0005
10035.05694446689,1.000436027969777,0.0005
10035.05833335578,0.9999849815656385,0.0005
10035.05972224467,0.999246516498762,0.0005
10035.06111113356,0.9962204953489083,0.0005
10035.06250002245,0.9948427084569859,0.0005
10035.06388891134,0.992621735414145,0.0005
10035.06527780023,0.9915270483121033,0.0005
10035.06666668912,0.9905811079226603,0.0005
10035.068055578009,0.9891518556497328,0.0005
10035.069444466899,0.9892908080466501,0.0005
10035.070833355789,0.9888477648284439,0.0005
10035.072222244678,0.9892344740127318,0.0005
10035.073611133568,0.988285378453213,0.0005
10035.075000022458,0.9883696411280519,0.0005
10035.076388911348,0.9878697148185127,0.0005
10035.077777800238,0.987243854650351,0.0005
10035.079166689127,0.9871758541178988,0.0005
10035.080555578017,0.9870287128973917,0.0005
10035.081944466907,0.9880422139603982,0.0005
10035.083333355797,0.986818555832325,0.0005
10035.084722244686,0.9872477306523423,0.0005
10035.086111133576,0.9883146532027081,0.0005
10035.087500022466,0.986284052393986,0.0005
10035.088888911356,0.9868534371307316,0.0005
10035.090277800246,0.9871918294842545,0.0005
10035.091666689135,0.9874203758117578,0.0005
10035.093055578025,0.9868292392503977,0.0005
10035.094444466915,0.9875240695302631,0.0005
10035.095833355805,0.9871255631075722,0.0005
10035.097222244694,0.9861978047894332,0.0005
10035.098611133584,0.9879407187185317,0.0005
10035.100000022474,0.9862639036990972,0.0005
10035.101388911364,0.986857413202259,0.0005
10035.102777800254,0.9868858606985841,0.0005
10035.104166689143,0.9874120633899288,0.0005
10035.105555578033,0.9864960381023347,0.0005
10035.106944466923,0.9872005772946609,0.0005
10035.108333355813,0.9864637144225737,0.0005
10035.109722244702,0.9868695103238941,0.0005
10035.111111133592,0.9859818888353632,0.0005
10035.112500022482,0.9874471011628192,0.0005
10035.113888911372,0.9871672359969139,0.0005
10035.115277800262,0.9871474516142212,0.0005
10035.116666689151,0.9857652991146967,0.0005
10035.118055578041,0.9872802739405112,0.0005
10035.11944446693,0.9872823691776499,0.0005
10035.12083335582,0.988445609116417,0.0005
10035.12222224471,0.9876791791513636,0.0005
10035.1236111336,0.9876969887634072,0.0005
10035.12500002249,0.9887796684687449,0.0005
10035.12638891138,0.9874349982518741,0.0005
10035.12777780027,0.9884474503901928,0.0005
10035.12916668916,0.9881914698148043,0.0005
10035.13055557805,0.9894176200875969,0.0005
10035.131944466939,0.9895977774033762,0.0005
10035.133333355829,0.9898253758993826,0.0005
10035.134722244718,0.9908040005206195,0.0005
10035.136111133608,0.9919827588451852,0.0005
10035.137500022498,0.994907583405011,0.0005
10035.138888911388,0.9973579917292162,0.0005
10035.140277800278,0.9980138954627651,0.0005
10035.141666689167,1.0001997253930948,0.0005
10035.143055578057,1.0005374378982617,0.0005
10035.144444466947,0.9999752729550104,0.0005
10035.145833355837,1.0000785800442544,0.0005
10035.147222244726,1.00025744697028,0.0005
10035.148611133616,0.9995023441564186,0.0005
10035.150000022506,1.0001507500154747,0.0005
10035.151388911396,1.0009206253673073,0.0005
10035.152777800286,0.9999386046007901,0.0005
10035.154166689175,0.999729501539722,0.0005
10035.155555578065,1.0005139413200776,0.0005
10035.156944466955,1.0004439532121174,0.0005
10035.158333355845,1.0007317737799573,0.0005
10035.159722244734,0.9993914455974418,0.0005
10035.161111133624,1.0003882731107463,0.0005
10035.162500022514,1.0003774949933286,0.0005
10035.163888911404,1.000321169250056,0.0005
10035.165277800294,0.9996965641722576,0.0005
10035.166666689183,1.0006386208945386,0.0005
10035.168055578073,1.000359290937234,0.0005
10035.169444466963,1.0006277392234713,0.0005
10035.170833355853,1.0002741459625735,0.0005
10035.172222244742,0.9992314532134132,0.0005
10035.173611133632,0.9990611583828682,0.0005
10035.175000022522,1.0002526992832088,0.0005
10035.176388911412,0.999436082493052,0.0005
10035.177777800302,0.9994072829049006,0.0005
10035.179166689191,0.9995511661256614,0.0005
10035.180555578081,0.9996575781926108,0.0005
10035.18194446697,1.000335004702053,0.0005
10035.18333335586,0.9994772549092149,0.0005
10035.18472224475,0.9997990154905493,0.0005
10035.18611113364,0.9999567700396976,0.0005
10035.18750002253,0.9999791174959611,0.0005
10035.18888891142,0.9998364647650397,0.0005
10035.19027780031,1.0001113734128222,0.0005
10035.1916666892,1.0003305508458393,0.0005
10035.19305557809,1.0010707565126713,0.0005
10035.194444466979,0.9993663482684072,0.0005
10035.195833355869,1.0002424809687507,0.0005
10035.197222244758,1.000407676223752,0.0005
10035.198611133648,1.0006049885822226,0.0005
10035.200000022538,1.0000106473784165,0.0005
10035.201388911428,0.9989038737746582,0.0005
10035.202777800318,1.0000483954112653,0.0005
10035.204166689207,0.9997501356931766,0.0005
10035.205555578097,1.0003579094785584,0.0005
10035.206944466987,0.9998437152596625,0.0005
10035.208333355877,0.9989069451168533,0.0005
10035.209722244766,0.9991323398340719,0.0005
10035.211111133656,1.0001727607761834,0.0005
10035.212500022546,1.0010294226976182,0.0005
10035.213888911436,0.9996857059119146,0.0005
10035.215277800326,0.9998238792271564,0.0005
10035.216666689215,1.0003462882542595,0.0005
10035.218055578105,0.9996906893247608,0.0005
10035.219444466995,0.9995354008741624,0.0005
10035.220833355885,1.000301068081474,0.0005
10035.222222244774,0.9996052412778562,0.0005
10035.223611133664,0.9996015402648074,0.0005
10035.225000022554,0.9998161789769016,0.0005
10035.226388911444,1.0006326706534863,0.0005
10035.227777800334,0.9996832822835029,0.0005
10035.229166689223,0.9996800205850114,0.0005
10035.230555578113,0.9997372538098018,0.0005
10035.231944467003,1.0004048814795141,0.0005
10035.233333355893,1.000895890732654,0.0005
10035.234722244782,0.9998471481428047,0.0005
10035.236111133672,0.9993437856607973,0.0005
10035.237500022562,0.9998017959220373,0.0005
10035.238888911452,0.99981035758852,0.0005
10035.240277800342,0.9993480213289992,0.0005
10035.241666689231,0.9994911154374422,0.0005
10035.243055578121,1.0015316556008604,0.0005
10035.24444446701,1.0007374594124714,0.0005
10035.2458333559,0.9994706227803788,0.0005
10035.24722224479,1.0005408313425979,0.0005
10035.24861113368,0.9996317126914389,0.0005
10035.25000002257,1.0002223864739057,0.0005
10035.25138891146,1.0002220181081418,0.0005
10035.25277780035,1.0000215403005475,0.0005
10035.25416668924,0.9997165919631321,0.0005
10035.25555557813,1.0000338307264574,0.0005
10035.256944467019,0.9988231215260709,0.0005
10035.258333355909,0.999746769478367,0.0005
10035.259722244798,0.9994116192327815,0.0005
10035.261111133688,1.0005069524644181,0.0005
10035.262500022578,1.0000075303245721,0.0005
10035.263888911468,0.9999862069764149,0.0005
10035.265277800358,1.0000275606206075,0.0005
10035.266666689247,0.9990908028779887,0.0005
10035.268055578137,1.0001351030893384,0.0005
10035.269444467027,0.9997683510107238,0.0005
10038.030555579906,0.9999322729495367,0.0005
10038.031944468796,1.00027056624663,0.0005
10038.033333357685,0.999892329487487,0.0005
10038.034722246575,0.9998836323634629,0.0005
10038.036111135465,0.9989878090484481,0.0005
10038.037500024355,0.9999604242609607,0.0005
10038.038888913245,0.9993532173352637,0.0005
10038.040277802134,1.0002103437581118,0.0005
10038.041666691024,1.0002984484361737,0.0005
10038.043055579914,1.0003844713766914,0.0005
10038.044444468804,0.9993159792785247,0.0005
10038.045833357693,0.9998048106018267,0.0005
10038.047222246583,0.9994831095887369,0.0005
10038.048611135473,0.9998525857669254,0.0005
10038.050000024363,1.000136734802846,0.0005
10038.051388913253,0.9991360461408637,0.0005
10038.052777802142,1.000658764801137,0.0005
10038.054166691032,0.9991296007153768,0.0005
10038.055555579922,0.9993328788416873,0.0005
10038.056944468812,1.0006251315521555,0.0005
10038.058333357701,1.0000230060210784,0.0005
10038.059722246591,0.9998751784737313,0.0005
10038.061111135481,0.9995672196532258,0.0005
10038.06250002437,0.9990669954968487,0.0005
10038.06388891326,1.000045035462032,0.0005
10038.06527780215,1.0002012213742906,0.0005
10038.06666669104,0.9997833618533616,0.0005
10038.06805557993,0.9998879990633215,0.0005
10038.06944446882,0.9998999803995336,0.0005
10038.07083335771,0.9994288677608806,0.0005
10038.0722222466,1.00001424713052,0.0005
10038.073611135489,1.0006083459619644,0.0005
10038.075000024379,1.0009587395170545,0.0005
10038.076388913269,0.9997945531262069,0.0005
10038.077777802158,1.0003527242136658,0.0005
10038.079166691048,0.9995598430738607,0.0005
10038.080555579938,1.0001309418130242,0.0005
10038.081944468828,0.9991327471209992,0.0005
10038.083333357717,1.0015168524888258,0.0005
10038.084722246607,1.0005280357007147,0.0005
10038.086111135497,1.000551139886295,0.0005
10038.087500024387,1.0007820697175474,0.0005
10038.088888913277,1.0000777308651807,0.0005
10038.090277802166,0.9996784414340414,0.0005
10038.091666691056,0.9999493814422282,0.0005
10038.093055579946,0.9997245394116212,0.0005
10038.094444468836,1.0000479956651975,0.0005
10038.095833357725,0.9997444600440998,0.0005
10038.097222246615,1.0002488581112174,0.0005
10038.098611135505,1.0004933205471904,0.0005
10038.100000024395,0.9996503771985472,0.0005
10038.101388913285,0.9995180433184464,0.0005
10038.102777802174,1.0003839688628278,0.0005
10038.104166691064,1.000555397098304,0.0005
10038.105555579954,0.9995229826649109,0.0005
10038.106944468844,0.9986329818419545,0.0005
10038.108333357733,0.9991911069718533,0.0005
10038.109722246623,0.9994132066131542,0.0005
10038.111111135513,1.0007922983735882,0.0005
10038.112500024403,0.9999628320044803,0.0005
10038.113888913293,0.9995694863365421,0.0005
10038.115277802182,0.9999076267137869,0.0005
10038.116666691072,0.9999849850295379,0.0005
10038.118055579962,0.9991029247275145,0.0005
10038.119444468852,1.0000833237531124,0.0005
10038.120833357742,1.0006892335673965,0.0005
10038.122222246631,0.9997867410824294,0.0005
10038.123611135521,1.0002671218046102,0.0005
10038.12500002441,0.9990304979645545,0.0005
10038.1263889133,1.000225350604936,0.0005
10038.12777780219,0.9995996253194293,0.0005
10038.12916669108,1.000515776583034,0.0005
10038.13055557997,0.999946090948809,0.0005
10038.13194446886,1.000099422682848,0.0005
10038.13333335775,1.0002815566126677,0.0005
10038.13472224664,1.0005316297929994,0.0005
10038.136111135529,1.0000068257247503,0.0005
10038.137500024419,0.9999206870848883,0.0005
10038.138888913309,0.9999314071889006,0.0005
10038.140277802198,1.0006028904291135,0.0005
10038.141666691088,1.000043349658153,0.0005
10038.143055579978,1.0002071247545887,0.0005
10038.144444468868,0.9990027611625384,0.0005
10038.145833357758,0.9997301423777715,0.0005
10038.147222246647,0.9999412412759213,0.0005
10038.148611135537,0.9991583706087731,0.0005
10038.150000024427,0.9994494293193122,0.0005
10038.151388913317,0.9997577791965032,0.0005
10038.152777802206,1.0004314198157862,0.0005
10038.154166691096,0.9996228350989936,0.0005
10038.155555579986,0.9996456666875345,0.0005
10038.156944468876,0.9992243539768426,0.0005
10038.158333357766,1.0001296769480283,0.0005
10038.159722246655,0.9981903407770942,0.0005
10038.161111135545,0.9974227458268311,0.0005
10038.162500024435,0.9951124175067476,0.0005
10038.163888913325,0.9933708784907701,0.0005
10038.165277802214,0.991165070130918,0.0005
10038.166666691104,0.989777537022567,0.0005
10038.168055579994,0.9904206016355749,0.0005
10038.169444468884,0.989207740773609,0.0005
10038.170833357774,0.9891899596630938,0.0005
10038.172222246663,0.9880201660048512,0.0005
10038.173611135553,0.9871662349237617,0.0005
10038.175000024443,0.9870990107108669,0.0005
10038.176388913333,0.9879288786680661,0.0005
10038.177777802222,0.9882505496438636,0.0005
10038.179166691112,0.9880632208767931,0.0005
10038.180555580002,0.987698873722256,0.0005
10038.181944468892,0.9873885104536784,0.0005
10038.183333357782,0.9870879069520169,0.0005
10038.184722246671,0.9872055618091555,0.0005
10038.186111135561,0.9861838417026176,0.0005
10038.18750002445,0.9860412793788504,0.0005
10038.18888891334,0.9866656801213014,0.0005
10038.19027780223,0.9867349503127145,0.0005
10038.19166669112,0.9870909109750757,0.0005
10038.19305558001,0.9862943300992263,0.0005
10038.1944444689,0.9869189820692535,0.0005
10038.19583335779,0.9861708925035595,0.0005
10038.19722224668,0.9873899775089102,0.0005
10038.198611135569,0.9866340771920941,0.0005
10038.200000024459,0.9868688812709798,0.0005
10038.201388913349,0.986734039101617,0.0005
10038.202777802238,0.9866701417058169,0.0005
10038.204166691128,0.987463173398869,0.0005
10038.205555580018,0.9872237459083458,0.0005
10038.206944468908,0.9870568465511378,0.0005
10038.208333357798,0.9860526012937585,0.0005
10038.209722246687,0.9871327456200356,0.0005
10038.211111135577,0.9862839782770181,0.0005
10038.212500024467,0.9865657859476162,0.0005
10038.213888913357,0.9874472449401894,0.0005
10038.215277802246,0.986994792952111,0.0005
10038.216666691136,0.9874426616560235,0.0005
10038.218055580026,0.9877654406012049,0.0005
10038.219444468916,0.9875987864674255,0.0005
10038.220833357806,0.9879341751897083,0.0005
10038.222222246695,0.9883819266599577,0.0005
10038.223611135585,0.9880846286312276,0.0005
10038.225000024475,0.9891531803078574,0.0005
10038.226388913365,0.9891243354446901,0.0005
10038.227777802254,0.9883103211402259,0.0005
10038.229166691144,0.989173941278263,0.0005
10038.230555580034,0.9891999232105325,0.0005
10038.231944468924,0.9899723242011632,0.0005
10038.233333357814,0.9890823911972015,0.0005
10038.234722246703,0.9914550485225554,0.0005
10038.236111135593,0.9919892180648291,0.0005
10038.237500024483,0.9953082605850315,0.0005
10038.238888913373,0.9964742099502382,0.0005
10038.240277802262,0.9984008987787422,0.0005
10038.241666691152,0.9996138724929617,0.0005
10038.243055580042,0.9994986544596205,0.0005
10038.244444468932,1.0002935519758978,0.0005
10038.245833357822,0.9995439055396803,0.0005
10038.247222246711,1.0006970298299358,0.0005
10038.248611135601,0.9994920843636946,0.0005
10038.25000002449,0.9996653978703509,0.0005
10038.25138891338,0.9998070800624459,0.0005
10038.25277780227,0.9994695940816344,0.0005
10038.25416669116,1.0006830429854496,0.0005
10038.25555558005,1.0003578035626333,0.0005
10038.25694446894,1.00026301579047,0.0005
10038.25833335783,0.9998950463575357,0.0005
10038.25972224672,0.9999937876715488,0.0005
10038.26111113561,0.999958329010705,0.0005
10038.262500024499,1.0004780082631703,0.0005
10038.263888913389,0.9995695869854198,0.0005
10038.265277802278,1.0006483183103683,0.0005
10038.266666691168,1.0010523987754885,0.0005
10038.268055580058,1.0008465907474053,0.0005
10038.269444468948,1.0005340672000604,0.0005
10038.270833357838,0.9997814388242993,0.0005
10038.272222246727,0.9999130496831813,0.0005
10038.273611135617,0.9998342886804026,0.0005
10038.275000024507,1.0000647820123083,0.0005
10038.276388913397,1.000425500349217,0.0005
10038.277777802286,1.0000353920947862,0.0005
10038.279166691176,1.001005734587097,0.0005
10038.280555580066,0.9993472252414606,0.0005
10038.281944468956,1.000337279748636,0.0005
10038.283333357846,0.9999401543121005,0.0005
10038.284722246735,1.0004804783147954,0.0005
10038.286111135625,1.0001003615615067,0.0005
10038.287500024515,0.9997633514397569,0.0005
10038.288888913405,0.9997812168988961,0.0005
10038.290277802294,0.9997994239784946,0.0005
10038.291666691184,1.0006193681716935,0.0005
10038.293055580074,0.9994168005778931,0.0005
10038.294444468964,1.0002454215496075,0.0005
10038.295833357854,1.0003315259207881,0.0005
10038.297222246743,1.0003823442189135,0.0005
10038.298611135633,1.0002085250349497,0.0005
10038.300000024523,1.0000950318087536,0.0005
10038.301388913413,0.9993542132076675,0.0005
10038.302777802302,0.999922464269652,0.0005
10038.304166691192,1.0007026212537224,0.0005
10038.305555580082,1.0000056819632128,0.0005
10038.306944468972,1.0005347795178765,0.0005
10038.308333357862,1.0004691657746316,0.0005
10038.309722246751,1.0004254075867418,0.0005
10038.311111135641,0.999568226921641,0.0005
10038.31250002453,0.9999458474390189,0.0005
10038.31388891342,0.9993352880480605,0.0005
10038.31527780231,0.9999144705405477,0.0005
10038.3166666912,1.0001965315769517,0.0005
10038.31805558009,1.0003120293839247,0.0005
10038.31944446898,0.9995992922900335,0.0005
10038.32083335787,1.0008482816950646,0.0005
10038.32222224676,1.0004421770104877,0.0005
10038.32361113565,1.00012148590589,0.0005
10038.325000024539,1.0008529041802006,0.0005
10038.326388913429,0.9998040108106068,0.0005
10038.327777802318,1.0000309830768705,0.0005
10038.329166691208,0.9995685646772194,0.0005
10038.330555580098,1.0003298338910391,0.0005
10038.331944468988,1.0006611014447815,0.0005
10038.333333357878,0.9996533667909882,0.0005
10038.334722246767,1.0000078408879578,0.0005
10038.336111135657,0.9996709857441869,0.0005
10038.337500024547,1.0008523740346726,0.0005
10038.338888913437,0.9997790730128997,0.0005
10038.340277802326,1.0003446003916383,0.0005
10038.341666691216,0.9992454312979434,0.0005
10038.343055580106,1.0008966006769606,0.0005
10038.344444468996,0.998810407345766,0.0005
10038.345833357886,1.000498025179983,0.0005
10038.347222246775,0.9999197609318834,0.0005
10038.348611135665,0.9998552224329855,0.0005
10038.350000024555,0.9997260739675505,0.0005
10038.351388913445,0.9988623335904322,0.0005
10038.352777802334,1.0009345890280263,0.0005
10038.354166691224,1.000016550218518,0.0005
10038.355555580114,1.0001777492325798,0.0005
10038.356944469004,0.9997463489282031,0.0005
10038.358333357894,0.9990928211385218,0.0005
10038.359722246783,1.0004811608501407,0.0005
10038.361111135673,1.0003374050821225,0.0005
10038.362500024563,1.000225143963217,0.0005
10038.363888913453,0.9992937867986859,0.0005
10038.365277802342,0.9986383381916522,0.0005
10038.366666691232,1.0003771964696562,0.0005
10038.368055580122,0.9990136976218992,0.0005
10038.369444469012,1.0001387776208164,0.0005
10041.13055558189,1.000622004959764,0.0005
10041.13194447078,1.0004425415788887,0.0005
10041.13333335967,0.9996086624809253,0.0005
10041.13472224856,0.9999131321396079,0.0005
10041.13611113745,0.9994141936250761,0.0005
10041.13750002634,0.9998943569771718,0.0005
10041.13888891523,1.0003099459677265,0.0005
10041.14027780412,0.9996692747985938,0.0005
10041.141666693009,1.000273091407562,0.0005
10041.143055581899,0.999486176987728,0.0005
10041.144444470789,1.0006267501710242,0.0005
10041.145833359678,0.9996937397259907,0.0005
10041.147222248568,1.0001423108393732,0.0005
10041.148611137458,0.9996726736092205,0.0005
10041.150000026348,0.9991546218497626,0.0005
10041.151388915237,0.9990951576768359,0.0005
10041.152777804127,0.9993284982356572,0.0005
10041.154166693017,0.9998723036092224,0.0005
10041.155555581907,1.0002556127821416,0.0005
10041.156944470797,1.0001842350371029,0.0005
10041.158333359686,0.9994732747063323,0.0005
10041.159722248576,0.9998568439120584,0.0005
10041.161111137466,1.0000623785306548,0.0005
10041.162500026356,1.0004634472363148,0.0005
10041.163888915245,0.999718481113748,0.0005
10041.165277804135,1.0002884393779787,0.0005
10041.166666693025,0.9995887223057531,0.0005
10041.168055581915,1.0005842942488992,0.0005
10041.169444470805,1.000055060993023,0.0005
10041.170833359694,0.9997775103294768,0.0005
10041.172222248584,0.9996256653728933,0.0005
10041.173611137474,0.9995483474256143,0.0005
10041.175000026364,1.0006649997096715,0.0005
10041.176388915253,1.000122356448183,0.0005
10041.177777804143,1.0000141505829583,0.0005
10041.179166693033,1.0000951371127753,0.0005
10041.180555581923,0.9998471923914906,0.0005
10041.181944470813,0.9995103309589207,0.0005
10041.183333359702,1.0004984592541109,0.0005
10041.184722248592,0.999245337825416,0.0005
10041.186111137482,1.0004093684307767,0.0005
10041.187500026372,1.0006556158117825,0.0005
10041.188888915261,0.9997970903627489,0.0005
10041.190277804151,0.9995075168575707,0.0005
10041.191666693041,0.9996893565266135,0.0005
10041.19305558193,0.9996265780623251,0.0005
10041.19444447082,1.0006165368768911,0.0005
10041.19583335971,0.9997446405468445,0.0005
10041.1972222486,0.9997797239272649,0.0005
10041.19861113749,0.9997031400908212,0.0005
10041.20000002638,1.0009851948692947,0.0005
10041.20138891527,0.9999414349641697,0.0005
10041.20277780416,0.9995684456762962,0.0005
10041.204166693049,0.9998175836483618,0.0005
10041.205555581939,1.0001666897411663,0.0005
10041.206944470829,1.0002301498492985,0.0005
10041.208333359718,1.000359094316882,0.0005
10041.209722248608,1.0006622547466104,0.0005
10041.211111137498,0.999802615475109,0.0005
10041.212500026388,1.0001130994848317,0.0005
10041.213888915277,0.9991241126103922,0.0005
10041.215277804167,1.0000759246735804,0.0005
10041.216666693057,0.9996571514139643,0.0005
10041.218055581947,1.0003670352639422,0.0005
10041.219444470837,1.0003946779189448,0.0005
10041.220833359726,1.0000579578770852,0.0005
10041.222222248616,1.000364150044207,0.0005
10041.223611137506,0.9994915756891277,0.0005
10041.225000026396,1.0002240328523406,0.0005
10041.226388915285,0.9998844606517203,0.0005
10041.227777804175,0.9999420266884286,0.0005
10041.229166693065,0.999624504447349,0.0005
10041.230555581955,0.9997342513719255,0.0005
10041.231944470845,1.0000911118192106,0.0005
10041.233333359734,0.9986318548825451,0.0005
10041.234722248624,0.9999298972278561,0.0005
10041.236111137514,0.9993933134840017,0.0005
10041.237500026404,0.9989304547515077,0.0005
10041.238888915294,0.999899174130203,0.0005
10041.240277804183,0.9998035166219603,0.0005
10041.241666693073,1.0005717266087018,0.0005
10041.243055581963,1.000138877290686,0.0005
10041.244444470853,0.9994043784302535,0.0005
10041.245833359742,1.0002947814086465,0.0005
10041.247222248632,1.0008350357017326,0.0005
10041.248611137522,1.0000713833234818,0.0005
10041.250000026412,1.0004721994541703,0.0005
10041.251388915302,0.999426011852753,0.0005
10041.252777804191,1.0006760644287225,0.0005
10041.254166693081,0.9993997496442955,0.0005
10041.25555558197,1.0004199666266829,0.0005
10041.25694447086,1.0002255116605496,0.0005
10041.25833335975,0.9994703559723499,0.0005
10041.25972224864,0.9989630398757969,0.0005
10041.26111113753,0.9975856689118382,0.0005
10041.26250002642,0.9944602239416993,0.0005
10041.26388891531,0.9924998590282371,0.0005
10041.2652778042,0.9910509374373957,0.0005
10041.266666693089,0.9899417461000012,0.0005
10041.268055581979,0.9905988135427546,0.0005
10041.269444470869,0.9891227971198512,0.0005
10041.270833359758,0.9891050546453237,0.0005
10041.272222248648,0.9892750189182078,0.0005
10041.273611137538,0.9887413704416125,0.0005
10041.275000026428,0.9880907653613643,0.0005
10041.276388915318,0.987493492014828,0.0005
10041.277777804207,0.9877299383251374,0.0005
10041.279166693097,0.98773573468902,0.0005
10041.280555581987,0.9869883913658529,0.0005
10041.281944470877,0.9875217345070845,0.0005
10041.283333359766,0.9868140031585211,0.0005
10041.284722248656,0.9871524688104757,0.0005
10041.286111137546,0.9868611008937356,0.0005
10041.287500026436,0.9877003223513863,0.0005
10041.288888915326,0.9867330063527134,0.0005
10041.290277804215,0.9856401868983138,0.0005
10041.291666693105,0.9879127191079203,0.0005
10041.293055581995,0.9875212000416251,0.0005
10041.294444470885,0.98671431816039,0.0005
10041.295833359774,0.9869308610240163,0.0005
10041.297222248664,0.9872829630953198,0.0005
10041.298611137554,0.9856866028338934,0.0005
10041.300000026444,0.9866402087242927,0.0005
10041.301388915334,0.9874957779680915,0.0005
10041.302777804223,0.9872418332074209,0.0005
10041.304166693113,0.9861530686669435,0.0005
10041.305555582003,0.986455390231943,0.0005
10041.306944470893,0.9866289605334693,0.0005
10041.308333359782,0.9872838191945201,0.0005
10041.309722248672,0.987567213779975,0.0005
10041.311111137562,0.9867031170798093,0.0005
10041.312500026452,0.987575536059554,0.0005
10041.313888915342,0.9876474780456856,0.0005
10041.315277804231,0.9875681784248209,0.0005
10041.316666693121,0.9871531459113834,0.0005
10041.31805558201,0.9873718304672426,0.0005
10041.3194444709,0.9863660608635813,0.0005
10041.32083335979,0.9874887201207154,0.0005
10041.32222224868,0.9873774288498812,0.0005
10041.32361113757,0.9880121285771687,0.0005
10041.32500002646,0.9883682482613293,0.0005
10041.32638891535,0.9890997387951147,0.0005
10041.32777780424,0.9884053126543578,0.0005
10041.329166693129,0.989039662869152,0.0005
10041.330555582019,0.9885859150406509,0.0005
10041.331944470909,0.9907752275678321,0.0005
10041.333333359798,0.9901665895197393,0.0005
10041.334722248688,0.9908820362843141,0.0005
10041.336111137578,0.9920108651039421,0.0005
10041.337500026468,0.9947708455185631,0.0005
10041.338888915358,0.9971203437731612,0.0005
10041.340277804247,0.9978802328403257,0.0005
10041.341666693137,0.9993166705622238,0.0005
10041.343055582027,0.9995186427822126,0.0005
10041.344444470917,0.9996920106799881,0.0005
10041.345833359806,0.9999830462553216,0.0005
10041.347222248696,0.9996320655918027,0.0005
10041.348611137586,1.000566231811985,0.0005
10041.350000026476,0.9998377635986627,0.0005
10041.351388915366,0.999704550119873,0.0005
10041.352777804255,1.0004212080826616,0.0005
10041.354166693145,1.0005296534967711,0.0005
10041.355555582035,1.0004090418838747,0.0005
10041.356944470925,1.000204022693688,0.0005
10041.358333359814,0.9991699866550731,0.0005
10041.359722248704,0.9996327097040192,0.0005
10041.361111137594,1.000623586054722,0.0005
10041.362500026484,0.9995152590576423,0.0005
10041.363888915374,0.9996917068595474,0.0005
10041.365277804263,0.9988596540092638,0.0005
10041.366666693153,0.9997072725921913,0.0005
10041.368055582043,1.000678373932089,0.0005
10041.369444470933,1.000051353474105,0.0005
10041.370833359822,1.0000903995583896,0.0005
10041.372222248712,1.0010655666484762,0.0005
10041.373611137602,1.0005283776188916,0.0005
10041.375000026492,1.0004130820103743,0.0005
10041.376388915382,0.9998876494831221,0.0005
10041.377777804271,1.000049446603124,0.0005
10041.379166693161,1.0003049456727646,0.0005
10041.38055558205,1.0001719949993442,0.0005
10041.38194447094,0.999862433436524,0.0005
10041.38333335983,1.0002268474294198,0.0005
10041.38472224872,0.9997428402417687,0.0005
10041.38611113761,0.9990667538292347,0.0005
10041.3875000265,0.999221922663185,0.0005
10041.38888891539,0.9996167097427873,0.0005
10041.39027780428,0.9999182680407043,0.0005
10041.39166669317,1.0004623018147791,0.0005
10041.393055582059,1.000879190852437,0.0005
10041.394444470949,1.0008282829972153,0.0005
10041.395833359838,1.0002468316846518,0.0005
10041.397222248728,0.9992802132203098,0.0005
10041.398611137618,1.000544523159878,0.0005
10041.400000026508,1.0001326016863994,0.0005
10041.401388915398,0.9999326242717322,0.0005
10041.402777804287,0.9998055337632121,0.0005
10041.404166693177,0.9993524455467361,0.0005
10041.405555582067,1.0008064181911722,0.0005
10041.406944470957,0.9998293861129531,0.0005
10041.408333359846,0.9990049177437355,0.0005
10041.409722248736,0.999544170691959,0.0005
10041.411111137626,1.0001293181201862,0.0005
10041.412500026516,0.999902048717773,0.0005
10041.413888915406,1.0005076880320207,0.0005
10041.415277804295,0.9993350744125195,0.0005
10041.416666693185,0.9999155160927294,0.0005
10041.418055582075,0.9997454718575275,0.0005
10041.419444470965,0.999334707830991,0.0005
10041.420833359854,0.9992198932287557,0.0005
10041.422222248744,1.0004553847797963,0.0005
10041.423611137634,1.0001428216241022,0.0005
10041.425000026524,0.999730552341644,0.0005
10041.426388915414,1.0004862927543674,0.0005
10041.427777804303,1.0005264728392524,0.0005
10041.429166693193,1.0000662637824054,0.0005
10041.430555582083,0.9989057405881745,0.0005
10041.431944470973,0.9992585437982159,0.0005
10041.433333359862,0.9999807673548553,0.0005
10041.434722248752,1.0000409442519034,0.0005
10041.436111137642,1.0003250225609626,0.0005
10041.437500026532,1.0001823065232895,0.0005
10041.438888915422,1.000017398741966,0.0005
10041.440277804311,0.9995923100921507,0.0005
10041.441666693201,0.9998483394665417,0.0005
10041.44305558209,0.9997292448186577,0.0005
10041.44444447098,0.9994523315814405,0.0005
10041.44583335987,0.9998693300279149,0.0005
10041.44722224876,1.0014813547619725,0.0005
10041.44861113765,0.9995770340514146,0.0005
10041.45000002654,0.9998110411036233,0.0005
10041.45138891543,1.0002640307075172,0.0005
10041.45277780432,1.0003101506832732,0.0005
10041.45416669321,1.0000697593789554,0.0005
10041.455555582099,0.9996640866049437,0.0005
10041.456944470989,0.9999476818549556,0.0005
10041.458333359878,1.0003732977133848,0.0005
10041.459722248768,1.0002319078787232,0.0005
10041.461111137658,1.0006083564696422,0.0005
10041.462500026548,0.9998312362560797,0.0005
10041.463888915438,0.999838319779402,0.0005
10041.465277804327,1.0002834255522397,0.0005
10041.466666693217,0.9998619493358675,0.0005
10041.468055582107,1.0003685724237084,0.0005
10041.469444470997,1.0005518088929521,0.0005
10044.230555583876,0.9992161368005008,0.0005
10044.231944472765,1.0004362053797806,0.0005
10044.233333361655,0.9994384113833535,0.0005
10044.234722250545,0.999906208693727,0.0005
10044.236111139435,1.0007594376888629,0.0005
10044.237500028325,0.9993071116015063,0.0005
10044.238888917214,1.0001481645645405,0.0005
10044.240277806104,0.9994996588344329,0.0005
10044.241666694994,1.000424713975582,0.0005
10044.243055583884,1.000678620643815,0.0005
10044.244444472773,0.9997751144607748,0.0005
10044.245833361663,0.999938240934736,0.0005
10044.247222250553,1.0000894183754678,0.0005
10044.248611139443,0.9991446878673866,0.0005
10044.250000028333,1.0002023136976534,0.0005
10044.251388917222,0.9995721059298411,0.0005
10044.252777806112,1.0007755579331865,0.0005
10044.254166695002,0.999709446069457,0.0005
10044.255555583892,1.0002608358442466,0.0005
10044.256944472781,0.9996774522016346,0.0005
10044.258333361671,1.000318252711328,0.0005
10044.259722250561,0.9998027244920005,0.0005
10044.26111113945,1.00005167769947,0.0005
10044.26250002834,1.0002655520844237,0.0005
10044.26388891723,1.0002120728501818,0.0005
10044.26527780612,0.9994702324375019,0.0005
10044.26666669501,1.000497740244581,0.0005
10044.2680555839,1.00046471303766,0.0005
10044.26944447279,0.9998632563469217,0.0005
10044.27083336168,1.0008814936224628,0.0005
10044.272222250569,1.0000102844197474,0.0005
10044.273611139459,0.9998535694058936,0.0005
10044.275000028349,1.0007017454598077,0.0005
10044.276388917238,1.0001684052756383,0.0005
10044.277777806128,0.999657983210691,0.0005
10044.279166695018,0.9997152086727519,0.0005
10044.280555583908,1.0001589508497344,0.0005
10044.281944472797,0.9996112983749132,0.0005
10044.283333361687,0.9997824581870755,0.0005
10044.284722250577,0.9999342226282613,0.0005
10044.286111139467,1.000677365180874,0.0005
10044.287500028357,1.000429348429429,0.0005
10044.288888917246,1.0010463613072857,0.0005
10044.290277806136,0.9996695868670269,0.0005
10044.291666695026,0.9997694467398363,0.0005
10044.293055583916,1.0007907465260937,0.0005
10044.294444472805,0.9991687074097473,0.0005
10044.295833361695,1.0003170934741326,0.0005
10044.297222250585,1.000445507300206,0.0005
10044.298611139475,1.0001269675399354,0.0005
10044.300000028365,0.9999455152675263,0.0005
10044.301388917254,0.999795450572038,0.0005
10044.302777806144,1.0003005510889367,0.0005
10044.304166695034,0.9987428046302265,0.0005
10044.305555583924,1.0001535738561482,0.0005
10044.306944472813,1.0002202442583001,0.0005
10044.308333361703,0.9991929427591861,0.0005
10044.309722250593,1.0003159237039752,0.0005
10044.311111139483,1.0002822369763622,0.0005
10044.312500028373,0.9998179561988464,0.0005
10044.313888917262,1.0001746534329492,0.0005
10044.315277806152,0.9993575127317359,0.0005
10044.316666695042,0.9993866308004944,0.0005
10044.318055583932,0.9999010007988686,0.0005
10044.319444472821,1.000766992078411,0.0005
10044.320833361711,1.0008470642086245,0.0005
10044.322222250601,0.9998870308837157,0.0005
10044.32361113949,0.9997979429290395,0.0005
10044.32500002838,1.0001708449121118,0.0005
10044.32638891727,0.9998296239134125,0.0005
10044.32777780616,1.000371501296734,0.0005
10044.32916669505,1.0001599525094902,0.0005
10044.33055558394,0.9995745191383935,0.0005
10044.33194447283,0.9996709449726728,0.0005
10044.33333336172,1.0007997669880884,0.0005
10044.334722250609,0.9999659699499209,0.0005
10044.336111139499,1.0001768879487505,0.0005
10044.337500028389,0.9994228021491831,0.0005
10044.338888917278,0.9998323572818087,0.0005
10044.340277806168,0.9997449099391461,0.0005
10044.341666695058,0.9998590544491401,0.0005
10044.343055583948,0.9998176643181648,0.0005
10044.344444472837,1.0003519294950125,0.0005
10044.345833361727,1.0007550994701364,0.0005
10044.347222250617,0.9998069877978574,0.0005
10044.348611139507,1.0007618126404207,0.0005
10044.350000028397,0.9993360904898393,0.0005
10044.351388917286,1.000869286633574,0.0005
10044.352777806176,1.0001925676254058,0.0005
10044.354166695066,1.0006808761731998,0.0005
10044.355555583956,1.0001506844451007,0.0005
10044.356944472845,1.0001168376128973,0.0005
10044.358333361735,1.0005753734993457,0.0005
10044.359722250625,0.9983617023531619,0.0005
10044.361111139515,0.9964843658399009,0.0005
10044.362500028405,0.994966805968153,0.0005
10044.363888917294,0.9925786891019337,0.0005
10044.365277806184,0.9908546448100854,0.0005
10044.366666695074,0.9905084613305309,0.0005
10044.368055583964,0.9907093796821351,0.0005
10044.369444472854,0.9887159072265452,0.0005
10044.370833361743,0.989062146319771,0.0005
10044.372222250633,0.9891485237405445,0.0005
10044.373611139523,0.9886612179693481,0.0005
10044.375000028413,0.9883412467639967,0.0005
10044.376388917302,0.9877729126853606,0.0005
10044.377777806192,0.9870559922971155,0.0005
10044.379166695082,0.9860880719991635,0.0005
10044.380555583972,0.9884385949830936,0.0005
10044.381944472862,0.9872290288037223,0.0005
10044.383333361751,0.9878146976787612,0.0005
10044.384722250641,0.9871335221110298,0.0005
10044.38611113953,0.9870873405068292,0.0005
10044.38750002842,0.9877248609727873,0.0005
10044.38888891731,0.9870862954995956,0.0005
10044.3902778062,0.9868430500425205,0.0005
10044.39166669509,0.9868574595861466,0.0005
10044.39305558398,0.9869165450298533,0.0005
10044.39444447287,0.9872363934199841,0.0005
10044.39583336176,0.9868488320075152,0.0005
10044.397222250649,0.9869299787290462,0.0005
10044.398611139539,0.9859223078101524,0.0005
10044.400000028429,0.9861588860337145,0.0005
10044.401388917318,0.9864150320792249,0.0005
10044.402777806208,0.9868416942934991,0.0005
10044.404166695098,0.9867290168986718,0.0005
10044.405555583988,0.9858917435340062,0.0005
10044.406944472878,0.9865660476305538,0.0005
10044.408333361767,0.9868536765215628,0.0005
10044.409722250657,0.9864639363875012,0.0005
10044.411111139547,0.9872167016308112,0.0005
10044.412500028437,0.9873300013353137,0.0005
10044.413888917326,0.987244353131542,0.0005
10044.415277806216,0.9873159337844937,0.0005
10044.416666695106,0.9873130164035129,0.0005
10044.418055583996,0.987095646934392,0.0005
10044.419444472886,0.9882022717905331,0.0005
10044.420833361775,0.9868507669115812,0.0005
10044.422222250665,0.9871460640006878,0.0005
10044.423611139555,0.9879790587750209,0.0005
10044.425000028445,0.9877232184677733,0.0005
10044.426388917334,0.9876608767237632,0.0005
10044.427777806224,0.9890456675745645,0.0005
10044.429166695114,0.9890610520205719,0.0005
10044.430555584004,0.9896106400762341,0.0005
10044.431944472894,0.9893406944765486,0.0005
10044.433333361783,0.9901534727382721,0.0005
10044.434722250673,0.9916606557026283,0.0005
10044.436111139563,0.992541831723492,0.0005
10044.437500028453,0.994480819225819,0.0005
10044.438888917342,0.9967290050867743,0.0005
10044.440277806232,0.9983656222326377,0.0005
10044.441666695122,1.0003876432547563,0.0005
10044.443055584012,1.0000292935681048,0.0005
10044.444444472902,1.000101345058604,0.0005
10044.445833361791,0.9992455870161723,0.0005
10044.447222250681,0.9996383031763056,0.0005
10044.44861113957,0.9994666922528154,0.0005
10044.45000002846,0.9999721839723141,0.0005
10044.45138891735,0.9998699192236776,0.0005
10044.45277780624,1.0008418173525935,0.0005
10044.45416669513,1.000033094399563,0.0005
10044.45555558402,1.001774240057805,0.0005
10044.45694447291,1.0004777950517147,0.0005
10044.4583333618,1.0006833646999367,0.0005
10044.459722250689,1.0008993307744283,0.0005
10044.461111139579,0.9995680351411831,0.0005
10044.462500028469,1.0001530006688426,0.0005
10044.463888917358,0.999158877834585,0.0005
10044.465277806248,1.0001550657261393,0.0005
10044.466666695138,1.0006029732998507,0.0005
10044.468055584028,1.0000989358529961,0.0005
10044.469444472918,0.9996036506588132,0.0005
10044.470833361807,1.0007661466731659,0.0005
10044.472222250697,1.0006341412227884,0.0005
10044.473611139587,1.0001198575859649,0.0005
10044.475000028477,0.9995891483129358,0.0005
10044.476388917366,1.0006524024868935,0.0005
10044.477777806256,1.0000066172620878,0.0005
10044.479166695146,1.0001578756323464,0.0005
10044.480555584036,1.0004826108603055,0.0005
10044.481944472926,0.9998589547632458,0.0005
10044.483333361815,0.9996822275477073,0.0005
10044.484722250705,1.0001032508013907,0.0005
10044.486111139595,1.0007143223685586,0.0005
10044.487500028485,1.0006947429673463,0.0005
10044.488888917374,0.9990696005364147,0.0005
10044.490277806264,1.0004960599763388,0.0005
10044.491666695154,0.9998397765253673,0.0005
10044.493055584044,1.0004284960124141,0.0005
10044.494444472934,1.0001177997901207,0.0005
10044.495833361823,1.000233334146578,0.0005
10044.497222250713,1.000592209510828,0.0005
10044.498611139603,1.0010009343735446,0.0005
10044.500000028493,0.9999050759198704,0.0005
10044.501388917382,1.000014470412077,0.0005
10044.502777806272,0.9999554945899544,0.0005
10044.504166695162,0.9995803561433838,0.0005
10044.505555584052,1.000249442067955,0.0005
10044.506944472942,0.9995564625880482,0.0005
10044.508333361831,1.0002441072574684,0.0005
10044.509722250721,0.9994526999787895,0.0005
10044.51111113961,1.000344284708283,0.0005
10044.5125000285,1.0002814134166478,0.0005
10044.51388891739,0.9994640475913327,0.0005
10044.51527780628,1.0000087226828158,0.0005
10044.51666669517,1.0002463353958084,0.0005
10044.51805558406,0.9996216199968944,0.0005
10044.51944447295,0.9992715797856719,0.0005
10044.52083336184,0.9999017638171166,0.0005
10044.52222225073,0.9989779899156407,0.0005
10044.523611139619,1.0004446495181163,0.0005
10044.525000028509,1.0006923098035585,0.0005
10044.526388917398,0.9998165747180165,0.0005
10044.527777806288,1.0001873848272897,0.0005
10044.529166695178,0.9998907996667848,0.0005
10044.530555584068,0.9999776023346628,0.0005
10044.531944472958,1.0001243207284598,0.0005
10044.533333361847,0.9996796923577371,0.0005
10044.534722250737,1.000412495884899,0.0005
10044.536111139627,0.9998725067298875,0.0005
10044.537500028517,0.9999872355962225,0.0005
10044.538888917406,1.0001262151542636,0.0005
10044.540277806296,1.0002099236338353,0.0005
10044.541666695186,0.9995944168326427,0.0005
10044.543055584076,1.0001877655480536,0.0005
10044.544444472966,0.9994016439292734,0.0005
10044.545833361855,0.9999775713827822,0.0005
10044.547222250745,0.999818481861921,0.0005
10044.548611139635,0.9987276522640264,0.0005
10044.550000028525,0.9999076623262089,0.0005
10044.551388917414,1.0009078873160826,0.0005
10044.552777806304,1.0009149137529876,0.0005
10044.554166695194,0.9997963373008337,0.0005
10044.555555584084,1.0010947577613425,0.0005
10044.556944472974,1.0005169448637743,0.0005
10044.558333361863,0.999004424593091,0.0005
10044.559722250753,0.9997342297350422,0.0005
10044.561111139643,0.9995995836311945,0.0005
10044.562500028533,0.9989242589922189,0.0005
10044.563888917422,1.000313937081243,0.0005
10044.565277806312,1.0001730646398932,0.0005
10044.566666695202,1.0001210981310147,0.0005
10044.568055584092,1.0001091385687462,0.0005
10044.569444472982,0.9999357456225053,0.0005
10047.33055558586,1.0009490418625289,0.0005
10047.33194447475,1.000252670325078,0.0005
10047.33333336364,0.9998549912192097,0.0005
10047.33472225253,0.9995083375073016,0.0005
10047.33611114142,1.0005673755224769,0.0005
10047.33750003031,0.999581897350745,0.0005
10047.3388889192,1.0004707105195259,0.0005
10047.340277808089,1.0000299399231485,0.0005
10047.341666696979,0.9996805590703792,0.0005
10047.343055585869,0.9992903341845684,0.0005
10047.344444474758,1.0004445874111199,0.0005
10047.345833363648,1.000087426224477,0.0005
10047.347222252538,0.9995754050023062,0.0005
10047.348611141428,1.0004405887281098,0.0005
10047.350000030317,1.0000748974232097,0.0005
10047.351388919207,1.0001095195857697,0.0005
10047.352777808097,0.9997821309252353,0.0005
10047.354166696987,0.999581372068483,0.0005
10047.355555585877,0.9998734437228092,0.0005
10047.356944474766,0.9998252196090526,0.0005
10047.358333363656,0.9994279861697523,0.0005
10047.359722252546,0.999666568755701,0.0005
10047.361111141436,0.9989590223916827,0.0005
10047.362500030325,1.0001594700502665,0.0005
10047.363888919215,0.9992147749341038,0.0005
10047.365277808105,0.9994785836387768,0.0005
10047.366666696995,0.9999125277313189,0.0005
10047.368055585885,0.9995697639482042,0.0005
10047.369444474774,1.0006556033486371,0.0005
10047.370833363664,0.9998427055056504,0.0005
10047.372222252554,1.0000385304918218,0.0005
10047.373611141444,0.9998789034404308,0.0005
10047.375000030333,1.0000361474593369,0.0005
10047.376388919223,1.0005282306593393,0.0005
10047.377777808113,0.9999213787376551,0.0005
10047.379166697003,0.9996524794077348,0.0005
10047.380555585893,0.9999954123591007,0.0005
10047.381944474782,0.9998997846369863,0.0005
10047.383333363672,1.0007192268403582,0.0005
10047.384722252562,1.0001145121038038,0.0005
10047.386111141452,1.000369206371814,0.0005
10047.387500030341,1.0004815713708133,0.0005
10047.388888919231,1.0006858288078975,0.0005
10047.390277808121,1.0001592592066595,0.0005
10047.39166669701,1.0003063884805115,0.0005
10047.3930555859,0.9997498792069921,0.0005
10047.39444447479,1.0000445638612194,0.0005
10047.39583336368,0.9995534215117375,0.0005
10047.39722225257,1.0001325491633388,0.0005
10047.39861114146,0.9991550456174649,0.0005
10047.40000003035,1.0003964418913807,0.0005
10047.40138891924,0.9996819866667886,0.0005
10047.402777808129,0.9996007618284942,0.0005
10047.404166697019,1.0008673439411615,0.0005
10047.405555585909,0.9995770442314482,0.0005
10047.406944474798,0.9996421537801443,0.0005
10047.408333363688,1.0009575086492337,0.0005
10047.409722252578,0.9998703683633013,0.0005
10047.411111141468,1.0008273878157552,0.0005
10047.412500030357,0.9988083786406466,0.0005
10047.413888919247,0.9996060896157971,0.0005
10047.415277808137,1.0001068152920396,0.0005
10047.416666697027,1.0000821158399036,0.0005
10047.418055585917,0.9995841145951563,0.0005
10047.419444474806,1.000390034980779,0.0005
10047.420833363696,1.00075919935105,0.0005
10047.422222252586,0.9997789552788786,0.0005
10047.423611141476,1.000866455443703,0.0005
10047.425000030365,1.0001341617998987,0.0005
10047.426388919255,0.9995837441172454,0.0005
10047.427777808145,1.0002953799402663,0.0005
10047.429166697035,1.0001702153206546,0.0005
10047.430555585925,0.9999402183665715,0.0005
10047.431944474814,1.0000925801845764,0.0005
10047.433333363704,1.0003624529482456,0.0005
10047.434722252594,1.0005029710956752,0.0005
10047.436111141484,1.0001876754086425,0.0005
10047.437500030373,1.0002401828592276,0.0005
10047.438888919263,0.9994845714242891,0.0005
10047.440277808153,1.0001682492571804,0.0005
10047.441666697043,1.0000756590151418,0.0005
10047.443055585933,0.9997581338077071,0.0005
10047.444444474822,1.0004440214580765,0.0005
10047.445833363712,0.99985623448532,0.0005
10047.447222252602,1.0003832676997035,0.0005
10047.448611141492,0.9993651906936415,0.0005
10047.450000030381,1.0004087832935977,0.0005
10047.451388919271,0.9991667450976727,0.0005
10047.452777808161,1.0002220862855888,0.0005
10047.45416669705,0.9996335307538583,0.0005
10047.45555558594,1.0005186929201195,0.0005
10047.45694447483,1.0008159297396448,0.0005
10047.45833336372,0.9998782515803436,0.0005
10047.45972225261,0.9990362004816142,0.0005
10047.4611111415,0.9971897235375212,0.0005
10047.46250003039,0.9950536884299355,0.0005
10047.46388891928,0.9925309488374245,0.0005
10047.465277808169,0.9915121729098488,0.0005
10047.466666697059,0.9909733189355905,0.0005
10047.468055585949,0.9888262415661111,0.0005
10047.469444474838,0.9890789285713819,0.0005
10047.470833363728,0.9889281041529667,0.0005
10047.472222252618,0.989477340297171,0.0005
10047.473611141508,0.9889657321099721,0.0005
10047.475000030397,0.9883458489582857,0.0005
10047.476388919287,0.9883613588065467,0.0005
10047.477777808177,0.9879847920018392,0.0005
10047.479166697067,0.9876395486544899,0.0005
10047.480555585957,0.988500854437179,0.0005
10047.481944474846,0.9872696599028312,0.0005
10047.483333363736,0.9859755277014987,0.0005
10047.484722252626,0.9865972929261326,0.0005
10047.486111141516,0.9863364448067319,0.0005
10047.487500030405,0.9867443435978412,0.0005
10047.488888919295,0.9864224845816207,0.0005
10047.490277808185,0.9880838888885238,0.0005
10047.491666697075,0.9865103371104978,0.0005
10047.493055585965,0.9868240782825154,0.0005
10047.494444474854,0.9859587103869607,0.0005
10047.495833363744,0.9874739831499622,0.0005
10047.497222252634,0.9862409649885384,0.0005
10047.498611141524,0.9859785882702096,0.0005
10047.500000030414,0.986883583371868,0.0005
10047.501388919303,0.986951146501026,0.0005
10047.502777808193,0.9870308713921061,0.0005
10047.504166697083,0.9857645470074021,0.0005
10047.505555585973,0.9865366788354076,0.0005
10047.506944474862,0.9866593169079237,0.0005
10047.508333363752,0.986751711949393,0.0005
10047.509722252642,0.9861916746252045,0.0005
10047.511111141532,0.9862952531450918,0.0005
10047.512500030422,0.9867609785973015,0.0005
10047.513888919311,0.9862749822786104,0.0005
10047.515277808201,0.9864935154124348,0.0005
10047.51666669709,0.9869487020220502,0.0005
10047.51805558598,0.9868134551517685,0.0005
10047.51944447487,0.9872444384554182,0.0005
10047.52083336376,0.9877390489929996,0.0005
10047.52222225265,0.987958297631413,0.0005
10047.52361114154,0.9876204911359293,0.0005
10047.52500003043,0.9897145804867609,0.0005
10047.52638891932,0.9884970148320635,0.0005
10047.527777808209,0.9895488049169965,0.0005
10047.529166697099,0.9884102151677304,0.0005
10047.530555585989,0.989453521804009,0.0005
10047.531944474878,0.9894026682635911,0.0005
10047.533333363768,0.9901246697864244,0.0005
10047.534722252658,0.9915191737925835,0.0005
10047.536111141548,0.9925167136764103,0.0005
10047.537500030438,0.9954982629098565,0.0005
10047.538888919327,0.9969330573101339,0.0005
10047.540277808217,0.998833618872625,0.0005
10047.541666697107,0.9991372991137278,0.0005
10047.543055585997,1.0003688960867463,0.0005
10047.544444474886,0.9993480611434918,0.0005
10047.545833363776,0.9997897089290241,0.0005
10047.547222252666,1.0009195339130124,0.0005
10047.548611141556,0.9991399449027271,0.0005
10047.550000030446,1.0002526034544643,0.0005
10047.551388919335,1.0002253964421142,0.0005
10047.552777808225,0.9996674558512976,0.0005
10047.554166697115,0.9995286723411619,0.0005
10047.555555586005,1.0007888001811407,0.0005
10047.556944474894,1.0003346327285776,0.0005
10047.558333363784,1.0002616522771464,0.0005
10047.559722252674,0.999456254638326,0.0005
10047.561111141564,1.000735933446799,0.0005
10047.562500030454,1.0001138926522561,0.0005
10047.563888919343,1.0000816143414684,0.0005
10047.565277808233,0.9994574369921624,0.0005
10047.566666697123,1.000841390542258,0.0005
10047.568055586013,1.00105850776243,0.0005
10047.569444474902,1.0002298062348858,0.0005
10047.570833363792,0.9998508348037015,0.0005
10047.572222252682,1.0003080188886466,0.0005
10047.573611141572,0.999325457313898,0.0005
10047.575000030462,1.0001070359249307,0.0005
10047.576388919351,0.9996236566485905,0.0005
10047.577777808241,0.9998375916478252,0.0005
10047.57916669713,0.9995899617112599,0.0005
10047.58055558602,0.9997736834629729,0.0005
10047.58194447491,0.9998754946510805,0.0005
10047.5833333638,0.9992350207286738,0.0005
10047.58472225269,0.9993308309332762,0.0005
10047.58611114158,0.9997241755315914,0.0005
10047.58750003047,0.9997971710259684,0.0005
10047.58888891936,1.000262056280209,0.0005
10047.590277808249,0.999993002377685,0.0005
10047.591666697139,1.000336890581881,0.0005
10047.593055586029,1.000591000708653,0.0005
10047.594444474918,1.0000464859877525,0.0005
10047.595833363808,0.9995793707061489,0.0005
10047.597222252698,0.9998207596778153,0.0005
10047.598611141588,1.0002813732854985,0.0005
10047.600000030478,0.9997533907539682,0.0005
10047.601388919367,1.0000533386223471,0.0005
10047.602777808257,0.9996849821531903,0.0005
10047.604166697147,1.0008377029642253,0.0005
10047.605555586037,1.0002553759254755,0.0005
10047.606944474926,1.0003500328163768,0.0005
10047.608333363816,0.9994666667847416,0.0005
10047.609722252706,1.0000195208780625,0.0005
10047.611111141596,1.0005741579550358,0.0005
10047.612500030486,1.0010695081187324,0.0005
10047.613888919375,0.9997375689374893,0.0005
10047.615277808265,0.9991636825470357,0.0005
10047.616666697155,0.9999705345693632,0.0005
10047.618055586045,0.9995873336205106,0.0005
10047.619444474934,1.0005281862396571,0.0005
10047.620833363824,1.0006139420363858,0.0005
10047.622222252714,1.000515346666581,0.0005
10047.623611141604,1.0005065121538472,0.0005
10047.625000030494,0.9992307939384424,0.0005
10047.626388919383,1.0006084011760656,0.0005
10047.627777808273,0.9998706086452358,0.0005
10047.629166697163,0.9999885913774299,0.0005
10047.630555586053,0.9998643889090408,0.0005
10047.631944474942,0.9997839705093624,0.0005
10047.633333363832,0.9998035478750408,0.0005
10047.634722252722,1.0001545729626145,0.0005
10047.636111141612,1.0002619063369402,0.0005
10047.637500030502,1.0002406976005398,0.0005
10047.638888919391,1.0002667660050453,0.0005
10047.640277808281,0.9997385984898625,0.0005
10047.64166669717,0.9999028699008231,0.0005
10047.64305558606,1.0005319606221224,0.0005
10047.64444447495,1.0002461107936529,0.0005
10047.64583336384,1.0004958662895465,0.0005
10047.64722225273,0.9995082103744559,0.0005
10047.64861114162,1.000588837474251,0.0005
10047.65000003051,0.9994313581374314,0.0005
10047.6513889194,1.000384489462702,0.0005
10047.65277780829,1.000054884925141,0.0005
10047.654166697179,1.0005561106150935,0.0005
10047.655555586069,1.0001879149246928,0.0005
10047.656944474958,0.9998062172008026,0.0005
10047.658333363848,1.000378018613435,0.0005
10047.659722252738,0.9999624787377054,0.0005
10047.661111141628,1.0008452715194216,0.0005
10047.662500030518,0.9996506122455527,0.0005
10047.663888919407,1.0001801980143392,0.0005
10047.665277808297,1.0003119725161387,0.0005
10047.666666697187,0.9996376866387876,0.0005
10047.668055586077,1.000146259322901,0.0005
10047.669444474966,1.0003185434641197,0.0005
